episode,reward,alpha,ent_ref,ent_ep,argmax_ref,p0,p1,p2,p3,p4,q0,q1,q2,q3,q4,z_norm,loss_actor,loss_critic
1,-223.2,0.20000000298023224,1.608206868171692,1.6083972454071045,4,0.18927879631519318,0.19552776217460632,0.2036317139863968,0.1938716173171997,0.217690110206604,0.02063876949250698,-0.0296645425260067,-0.030302677303552628,-0.05440115928649902,0.05099097639322281,3.1429755687713623,,
2,-431.3880281690141,0.20000000298023224,1.608206868171692,1.6084474325180054,4,0.18927879631519318,0.19552776217460632,0.2036317139863968,0.1938716173171997,0.217690110206604,0.02063876949250698,-0.0296645425260067,-0.030302677303552628,-0.05440115928649902,0.05099097639322281,2.7717332243919373,,
3,-639.4522727272727,0.20000000298023224,1.608206868171692,1.6083282232284546,4,0.18927879631519318,0.19552776217460632,0.2036317139863968,0.1938716173171997,0.217690110206604,0.02063876949250698,-0.0296645425260067,-0.030302677303552628,-0.05440115928649902,0.05099097639322281,2.7191596318174294,,
4,-426.9477272727273,0.1989244967699051,1.5994890928268433,1.6043627262115479,4,0.2132761925458908,0.17564162611961365,0.18797141313552856,0.1733277440071106,0.24978311359882355,0.0006169397383928299,-0.05270852521061897,-0.06544674187898636,-0.07342085242271423,0.03261127322912216,2.6075034980420715,-0.2974806759092543,179.30516391330295
5,-417.5014084507043,0.19707702100276947,1.598244309425354,1.5954148769378662,4,0.2314503788948059,0.17605942487716675,0.16960914433002472,0.1814464032649994,0.24143469333648682,-0.03209942951798439,-0.10283374786376953,-0.1275327056646347,-0.11062231659889221,-0.020403485745191574,2.356925944064526,-0.24289450715196895,191.86591550137135
6,-855.6570422535209,0.19394685328006744,1.5835977792739868,1.5900577306747437,0,0.2501803934574127,0.1561736911535263,0.1396690309047699,0.21087588369846344,0.24310098588466644,-0.15451686084270477,-0.25605323910713196,-0.29245707392692566,-0.2242351770401001,-0.15524448454380035,2.272674682699604,-0.10334754285667046,173.38234381028164
7,-214.1095238095238,0.1935701072216034,1.5821003913879395,1.5779168605804443,0,0.24973736703395844,0.15429304540157318,0.13747163116931915,0.2151857614517212,0.24331225454807281,-0.17751950025558472,-0.28336429595947266,-0.32056424021720886,-0.24519850313663483,-0.18084433674812317,2.26214417219162,0.0344962505158037,176.7153106689453
8,-624.9904761904762,0.19161173701286316,1.5622196197509766,1.570056438446045,0,0.2769312560558319,0.13878515362739563,0.12014772742986679,0.23099307715892792,0.23314274847507477,-0.32963085174560547,-0.4616732895374298,-0.5054888725280762,-0.39927005767822266,-0.35305479168891907,2.066572659420517,0.17522687313832203,173.8872965686726
9,-908.1333333333337,0.18838459253311157,1.5239527225494385,1.5447049140930176,0,0.3054044544696808,0.10801336914300919,0.1045823022723198,0.2536723017692566,0.22832757234573364,-0.7860995531082153,-0.9773507118225098,-1.0025532245635986,-0.8476669192314148,-0.8348244428634644,1.9692950494911359,0.613153874874115,173.03492604131284
10,-1132.557042253521,0.1849578469991684,1.4783884286880493,1.5050671100616455,0,0.2978106141090393,0.08399996161460876,0.08101341128349304,0.2618551254272461,0.2753209173679352,-1.7285279035568237,-1.9572999477386475,-1.986765742301941,-1.7687641382217407,-1.7391040325164795,1.909563272066836,1.5666614849612397,169.3767773610241
11,-961.6136363636364,0.18235662579536438,1.4242658615112305,1.4565198421478271,4,0.2378690242767334,0.05531434342265129,0.07549412548542023,0.3035454750061035,0.32777702808380127,-2.927851915359497,-3.2085471153259277,-3.151526927947998,-2.8926758766174316,-2.8622682094573975,1.8643024134081463,2.9546154529549353,168.88471612264945
12,-372.45952380952383,0.1818653643131256,1.400691270828247,1.4303126335144043,4,0.2138243168592453,0.04692765697836876,0.07695221155881882,0.3052655756473541,0.35703030228614807,-3.241702079772949,-3.5165646076202393,-3.441842794418335,-3.1806910037994385,-3.1436004638671875,1.774574402305815,3.9930691851509943,159.47714148627387
13,-409.6428571428572,0.18115563690662384,1.3906655311584473,1.4132472276687622,4,0.18831975758075714,0.04660836607217789,0.07831171154975891,0.33488595485687256,0.3518742024898529,-3.738568067550659,-3.992521286010742,-3.9035327434539795,-3.644296884536743,-3.6213765144348145,1.838692793139705,4.433221887659143,172.4099804913556
14,-399.5886363636364,0.18064084649085999,1.3942774534225464,1.4056494235992432,4,0.1680750697851181,0.04856278747320175,0.0879930928349495,0.3304751515388489,0.3648938238620758,-4.143957614898682,-4.36831521987915,-4.264644145965576,-4.022157669067383,-3.995375871658325,2.2124703884124757,5.0120094299316404,168.55106658935546
15,-523.702380952381,0.1796964406967163,1.403664469718933,1.4066641330718994,4,0.13866911828517914,0.05929483473300934,0.10064437240362167,0.31393659114837646,0.3874550759792328,-4.938943386077881,-5.085876941680908,-4.994021415710449,-4.7869873046875,-4.744704723358154,2.0282926989926233,5.661365244123671,167.0371502770318
16,-395.8704225352112,0.1793418526649475,1.4033600091934204,1.4361224174499512,4,0.1218118816614151,0.06555032730102539,0.10586744546890259,0.313019335269928,0.39375102519989014,-5.25014591217041,-5.3641438484191895,-5.279149532318115,-5.086514472961426,-5.035825729370117,2.0559357771506677,6.37043336721567,168.82323749248798
17,-274.29014084507037,0.17906659841537476,1.4155347347259521,1.447689414024353,4,0.11497358977794647,0.07218605279922485,0.11632031202316284,0.2960833013057709,0.40043675899505615,-5.499904155731201,-5.590908527374268,-5.4958953857421875,-5.325709342956543,-5.269267559051514,1.8482216894626617,6.717680215835571,178.49476013183593
18,-228.81363636363636,0.1787843555212021,1.4153882265090942,1.4399588108062744,4,0.1043374240398407,0.07054133713245392,0.12731869518756866,0.30868420004844666,0.3891183137893677,-5.762320518493652,-5.823215484619141,-5.717023849487305,-5.5697102546691895,-5.516693592071533,1.9735963463783264,6.979038906097412,163.64071044921874
19,-341.40000000000003,0.17843258380889893,1.4502934217453003,1.4596267938613892,4,0.09519053250551224,0.08225884288549423,0.16164955496788025,0.28807738423347473,0.37282368540763855,-6.086338520050049,-6.103582859039307,-5.987386703491211,-5.874934673309326,-5.8331193923950195,1.9195038576920826,7.200108170509338,173.09419886271158
20,-173.56136363636364,0.17812760174274445,1.462957501411438,1.47135329246521,4,0.08528583496809006,0.09321295469999313,0.17418025434017181,0.29356494545936584,0.3537560701370239,-6.351068019866943,-6.3425726890563965,-6.226309776306152,-6.138238430023193,-6.097621917724609,2.1966034412384032,7.666556692123413,162.84515075683595
21,-292.5477272727273,0.1775103658437729,1.4976341724395752,1.506670355796814,4,0.0880127102136612,0.10696820914745331,0.19931454956531525,0.29259487986564636,0.3131096661090851,-6.85707426071167,-6.812901496887207,-6.699646949768066,-6.633541584014893,-6.6122822761535645,1.8806718305537575,8.18268128445274,165.09590711091695
22,-407.4957746478874,0.17610697448253632,1.5075974464416504,1.5082345008850098,4,0.08351706713438034,0.12803742289543152,0.2962336838245392,0.18894030153751373,0.3032715320587158,-8.013843536376953,-7.933819770812988,-7.775585651397705,-7.87322473526001,-7.777221202850342,1.8332860097289085,9.046115565299989,164.82309589385986
23,-262.57954545454544,0.17575550079345703,1.4805821180343628,1.5014021396636963,2,0.07692284882068634,0.12887442111968994,0.33409228920936584,0.15768812596797943,0.30242228507995605,-8.317361831665039,-8.229196548461914,-8.06183910369873,-8.200294494628906,-8.090389251708984,1.9576472163200378,9.7834041595459,168.7877342224121
24,-249.74545454545455,0.1751953810453415,1.443113923072815,1.4716267585754395,2,0.08149941265583038,0.1262875497341156,0.4067339599132538,0.1267084777355194,0.25877058506011963,-8.836406707763672,-8.762710571289062,-8.551916122436523,-8.783316612243652,-8.642864227294922,1.7816577518687529,10.432022094726562,159.15160773782168
25,-308.7136363636364,0.17475636303424835,1.3590614795684814,1.4006001949310303,2,0.08205791562795639,0.13154473900794983,0.49128881096839905,0.08562479168176651,0.20948372781276703,-9.35600757598877,-9.266636848449707,-9.032220840454102,-9.349666595458984,-9.183586120605469,1.9937238842248917,11.17321228981018,163.09744501113892
26,-303.3904761904762,0.17445236444473267,1.2424579858779907,1.3112252950668335,2,0.061619699001312256,0.131050243973732,0.5656108260154724,0.06318587809801102,0.17853333055973053,-9.87295150756836,-9.74677848815918,-9.494658470153809,-9.896279335021973,-9.707674980163574,1.9491933743158976,11.723073259989421,162.6905517578125
27,-162.1380281690141,0.17433083057403564,1.1887109279632568,1.2436778545379639,2,0.05923425406217575,0.13156166672706604,0.5984731912612915,0.05320446193218231,0.15752649307250977,-10.220848083496094,-10.103477478027344,-9.817887306213379,-10.273185729980469,-10.070571899414062,1.9612897157669067,12.324343013763428,163.6200164794922
28,-143.78863636363636,0.17427024245262146,1.0924925804138184,1.0901269912719727,2,0.060082003474235535,0.110977403819561,0.6542595028877258,0.04275472089648247,0.13192638754844666,-10.5675048828125,-10.453598976135254,-10.152113914489746,-10.651369094848633,-10.450944900512695,2.0035144209861757,12.542664813995362,161.06533508300782
29,-184.29047619047617,0.17426623404026031,0.9934082627296448,1.017491340637207,2,0.058607447892427444,0.10619375854730606,0.7029142379760742,0.03238959610462189,0.0998949185013771,-11.03553295135498,-10.940629959106445,-10.601408958435059,-11.164798736572266,-10.945229530334473,2.0007910545055685,13.005011778611403,150.830323439378
30,-155.2357142857143,0.17431682348251343,0.9215593338012695,0.9743565320968628,2,0.055997081100940704,0.09217295050621033,0.7347699999809265,0.02669147029519081,0.09036850929260254,-11.361466407775879,-11.294397354125977,-10.915520668029785,-11.529950141906738,-11.297934532165527,1.8076327085494994,13.551516744825575,153.48422495524088
31,-295.4545454545455,0.17454008758068085,0.9056629538536072,0.8732671737670898,2,0.07373661547899246,0.07657645642757416,0.7418652176856995,0.022324612364172935,0.08549709618091583,-12.023821830749512,-12.046504020690918,-11.619046211242676,-12.286694526672363,-12.011872291564941,1.9351122445530362,14.435924424065483,144.04046164618597
32,-185.89523809523808,0.17484191060066223,0.9463860988616943,0.9002711772918701,2,0.09512030333280563,0.06023798882961273,0.7174083590507507,0.018518222495913506,0.10871512442827225,-12.86135196685791,-12.944910049438477,-12.505379676818848,-13.199925422668457,-12.853611946105957,2.0727484623591104,15.085189637683687,151.37497347877138
33,-444.9704545454546,0.17510446906089783,0.9589542150497437,0.9918909668922424,2,0.10444528609514236,0.05672701820731163,0.7066421508789062,0.015300961211323738,0.11688461899757385,-13.751809120178223,-13.86393928527832,-13.415322303771973,-14.100383758544922,-13.738600730895996,2.0112768086520108,16.38834526425316,142.13139997209822
34,-151.98333333333332,0.1751999408006668,1.0013017654418945,0.9873539805412292,2,0.11574720591306686,0.058183684945106506,0.6844226121902466,0.0159609355032444,0.12568546831607819,-14.174235343933105,-14.295866966247559,-13.874460220336914,-14.561691284179688,-14.178672790527344,2.1256837844848633,17.023909282684325,146.43130645751953
35,-183.2450704225352,0.17526531219482422,1.1088132858276367,1.1418722867965698,2,0.1514834612607956,0.06964290887117386,0.6242677569389343,0.017500117421150208,0.13710571825504303,-14.646851539611816,-14.781759262084961,-14.402725219726562,-15.06838321685791,-14.670560836791992,1.9390821673653342,17.86173005537553,161.51824049516156
36,-408.9409090909091,0.1749071329832077,1.3650763034820557,1.256821870803833,2,0.26375812292099,0.11178955435752869,0.3912949562072754,0.017434153705835342,0.21572324633598328,-16.173160552978516,-16.334003448486328,-16.119342803955078,-16.70551872253418,-16.216243743896484,1.943063250359367,19.04922805112951,140.8061404508703
37,-1540.0591549295764,0.17390204966068268,0.5353317260742188,1.0551769733428955,0,0.8243499398231506,0.00737107265740633,0.00819530338048935,0.0012379566906020045,0.15884563326835632,-27.483644485473633,-28.301332473754883,-28.326292037963867,-28.709619522094727,-27.77859115600586,1.9460896629095077,26.753516844169578,137.6515089638868
38,-475.6136363636368,0.1819525808095932,0.26910802721977234,0.29887524247169495,0,0.9271909594535828,0.0008674651617184281,0.00034576267353259027,0.00019850954413414001,0.07139736413955688,-42.65835952758789,-43.931617736816406,-44.610137939453125,-43.92424774169922,-43.14588928222656,2.000237512290478,42.9922074167352,121.87028121948242
39,36.280952380952385,0.19189924001693726,0.008364054374396801,0.07522796839475632,0,0.9989637136459351,3.092983388341963e-05,5.694602350558853e-06,5.232023795542773e-06,0.0009944215416908264,-63.21773910522461,-64.82525634765625,-66.46050262451172,-64.81847381591797,-64.72884368896484,2.017060055732727,64.87177573310004,103.46039201755717
40,191.73802816901403,0.20203135907649994,0.00018338323570787907,0.0026506001595407724,0,0.9999852180480957,7.82504116614291e-07,1.0187519450255422e-07,1.0829428020997511e-07,1.3783043868897948e-05,-69.7771224975586,-84.04635620117188,-86.64032745361328,-82.96387481689453,-84.82075500488281,1.9517561656236648,84.80004932652766,68.78945716781233
41,85.60714285714292,0.21203581988811493,5.3465882956516e-05,0.00014361146895680577,0,0.9999961853027344,2.393964848579344e-07,2.891609085509117e-08,3.243820501097616e-08,3.5872453736374155e-06,-59.85303497314453,-88.92015838623047,-93.65198516845703,-88.75113677978516,-92.62358856201172,1.9444487848877907,83.14554126739502,50.063355360031125
42,150.90952380952376,0.2220522165298462,2.5459969037910923e-05,6.247920100577176e-05,0,0.9999983310699463,1.1808420907755135e-07,1.371787128334745e-08,1.5921784779493464e-08,1.6044687072280794e-06,-51.74140548706055,-93.34896850585938,-100.71024322509766,-94.08065032958984,-100.60237121582031,1.9277090549468994,70.3501371383667,43.83224977493286
43,77.59761904761903,0.23219680786132812,1.4324106814456172e-05,3.0471197533188388e-05,0,0.9999990463256836,6.781683481449363e-08,7.662681156261897e-09,9.136876144566486e-09,8.569209626330121e-07,-45.82594299316406,-99.61897277832031,-109.75493621826172,-101.43281555175781,-111.4106674194336,1.9991539314389228,60.23599760055542,42.78808307170868
44,-68.56136363636361,0.24254710972309113,8.510228326485958e-06,2.981977741001174e-05,0,0.9999995231628418,4.161302413763224e-08,4.597433100883563e-09,5.615782505685729e-09,4.931060288981826e-07,-41.43144226074219,-107.04252624511719,-119.67288208007812,-110.27535247802734,-124.17884063720703,1.938554167151451,51.982483825683595,42.07118829727173
45,135.00000000000003,0.25299882888793945,5.8983541748602875e-06,1.4083870155445766e-05,0,0.9999996423721313,2.918792851858143e-08,3.1772382502737173e-09,3.949855553742054e-09,3.299072943718784e-07,-34.17645263671875,-108.54942321777344,-124.21366119384766,-113.9580078125,-131.44036865234375,1.922019245326519,44.606667068403986,40.577124305182906
46,-86.11901408450706,0.26385971903800964,4.291899131203536e-06,1.8046381228487007e-05,0,0.9999997615814209,2.1753399082058422e-08,2.3425255069042805e-09,2.955976130536442e-09,2.3530759563072934e-07,-27.1980037689209,-111.13473510742188,-127.01758575439453,-118.4511489868164,-138.6590118408203,1.987195805311203,34.522751621265506,38.16176472476978
47,52.95714285714276,0.2751193046569824,3.1493327696807683e-06,9.485176633461379e-06,0,0.9999998807907104,1.6564621674319824e-08,1.7686494491186977e-09,2.263570220151223e-09,1.718858726462713e-07,-21.402904510498047,-111.78427124023438,-129.01734924316406,-120.14058685302734,-143.2125244140625,1.8826798874139785,27.349571571350097,39.161112656593325
48,185.1619718309859,0.28675732016563416,2.541745061535039e-06,7.5901962190982886e-06,0,0.9999998807907104,1.3459571235330259e-08,1.4298503492327086e-09,1.8492488651489225e-09,1.3502686613264814e-07,-15.828057289123535,-110.52445983886719,-128.07090759277344,-119.2618637084961,-144.38905334472656,1.9463131335377692,19.719298830032347,36.561190028190616
49,51.02500000000005,0.2987425923347473,2.0666964246629504e-06,7.007649401202798e-06,0,0.9999998807907104,1.0987142751162082e-08,1.1622561801871711e-09,1.5186342183781676e-09,1.0675832129436458e-07,-11.253606796264648,-110.82017517089844,-127.56462860107422,-118.84800720214844,-146.46343994140625,2.004556828439236,13.713010433331206,36.77371327002444
50,-120.00714285714297,0.31122398376464844,1.8017108232015744e-06,6.574207873200066e-06,0,0.9999998807907104,9.597387773396804e-09,1.0117906512618902e-09,1.3318700586850696e-09,9.122487654167344e-08,-5.199555397033691,-97.80963897705078,-115.12865447998047,-106.88325500488281,-133.102294921875,1.961013324558735,7.352853276729584,33.17226642131806
51,4.288095238095188,0.32416924834251404,1.6088620213849936e-06,6.266312084335368e-06,0,0.9999998807907104,8.562722086935537e-09,9.00897856315197e-10,1.1923968479266023e-09,8.0064808116731e-08,1.3215402364730835,-81.89173889160156,-98.9946517944336,-91.52649688720703,-116.18741607666016,1.9765413588285445,1.7488126826431836,29.31674443721771
52,165.0598591549296,0.3376050293445587,1.453005552320974e-06,6.3096963458519895e-06,0,0.9999998807907104,7.734387352797967e-09,8.123750561139786e-10,1.0807702510717832e-09,7.111067645837466e-08,5.652632713317871,-71.7239990234375,-89.1224365234375,-81.9568099975586,-105.5759506225586,1.915787654519081,-3.117420272231102,28.7366615152359
53,312.9547619047617,0.3514865040779114,1.3407816368271597e-06,1.8083458144246833e-06,0,0.9999998807907104,7.163925896946921e-09,7.522834022388736e-10,1.0050204002354235e-09,6.46707363216592e-08,9.71031665802002,-61.71371841430664,-79.2703628540039,-71.90782165527344,-94.34489440917969,1.8648493123054504,-7.0950654068184855,32.19095445757535
54,218.46363636363637,0.3659047782421112,1.1321026249788702e-06,2.287657935085008e-06,0,1.0,6.719778955499578e-09,7.059504647521919e-10,9.464624639576869e-10,5.955078208330633e-08,13.697811126708984,-52.98321533203125,-70.42168426513672,-63.427852630615234,-85.42969512939453,1.9067606109380721,-9.969046719709233,30.93406161111803
55,32.4238095238095,0.3809635043144226,1.0760002169263316e-06,4.035013262182474e-06,0,1.0,6.467576696422839e-09,6.810900732290293e-10,9.154096924923749e-10,5.631394373040166e-08,20.048948287963867,-44.82659912109375,-62.38279724121094,-56.417179107666016,-78.78807830810547,1.937250207066536,-13.49743174791336,30.514263026714325
56,39.221428571428554,0.3966175615787506,1.0230303360003745e-06,4.148625066591194e-06,0,1.0,6.238437322281243e-09,6.585040845941137e-10,8.871711143498828e-10,5.325649965470802e-08,22.974653244018555,-38.43750762939453,-56.225746154785156,-49.88608932495117,-72.40706634521484,1.933729871213436,-16.67330201625824,32.0532134103775
57,79.24647887323944,0.41289442777633667,9.728732948133256e-07,4.875385911873309e-06,0,1.0,6.017300879790355e-09,6.370740601724378e-10,8.604598145112163e-10,5.037638572957803e-08,26.633800506591797,-32.09834671020508,-49.76964569091797,-43.19151306152344,-66.25078582763672,1.9019166642427445,-19.134990072250368,30.924473922252655
58,47.96428571428576,0.42982205748558044,9.360297212879232e-07,3.304004394522053e-06,0,1.0,5.865456564890792e-09,6.226985593826839e-10,8.425930508870749e-10,4.8252005058202485e-08,27.188323974609375,-25.691551208496094,-42.28052520751953,-36.4316291809082,-59.311431884765625,1.9184548884630204,-20.600986499786377,30.159418323040008
59,93.08863636363637,0.44742926955223083,9.002516208056477e-07,2.7987812245555688e-06,0,1.0,5.713062023460225e-09,6.080870251778947e-10,8.242495574961595e-10,4.620205018568413e-08,29.56334114074707,-18.49683380126953,-34.08161926269531,-29.557863235473633,-51.921234130859375,1.8608925780653953,-21.151951966285704,25.589733691215514
60,144.92954545454546,0.46574509143829346,8.716932597963023e-07,1.8592202195577556e-06,0,1.0,5.608859154904167e-09,5.985681950093635e-10,8.125502493072645e-10,4.4544680832814265e-08,30.4838924407959,-13.676163673400879,-27.907543182373047,-23.44892120361328,-46.283634185791016,1.9566487807035446,-23.72853009223938,27.03431135416031
61,189.39318181818186,0.48479974269866943,8.458491151941416e-07,1.8758129272100632e-06,0,1.0,5.521943791109152e-09,5.90969828628829e-10,8.036875054351356e-10,4.303680256612097e-08,31.814674377441406,-8.974327087402344,-22.67103385925293,-17.50763511657715,-41.46934127807617,1.9262403777241708,-25.973543014526367,27.286563897132872
62,-64.39999999999996,0.5046258568763733,8.244051059591584e-07,3.2155990083992947e-06,0,1.0,5.45622702574633e-09,5.859762119975187e-10,7.980326399703586e-10,4.1777589387947955e-08,32.948944091796875,-4.913276195526123,-18.857391357421875,-13.540281295776367,-37.737022399902344,1.958377439379692,-28.276236000061036,28.454739418029785
63,-19.793181818181786,0.525149405002594,7.948326015139173e-07,2.7448782020655926e-06,0,1.0,5.362576604994729e-09,5.780116385523115e-10,7.88509646465485e-10,4.0051407523833404e-08,34.450138092041016,-3.647346258163452,-16.997581481933594,-12.025444030761719,-37.207923889160156,1.8569758397340774,-31.478244819832806,35.40098045579153
64,-30.50909090909081,0.5466107726097107,7.700936066612485e-07,3.472356411293731e-06,0,1.0,5.2839910225088715e-09,5.714366757558764e-10,7.807962054684481e-10,3.861069686195151e-08,35.324798583984375,0.1222979873418808,-12.342493057250977,-7.531939506530762,-32.731285095214844,1.9060721224546433,-33.74608332633972,27.66584359407425
65,138.56190476190477,0.5688289999961853,7.443144340868457e-07,2.349867827433627e-06,0,1.0,5.201980624036651e-09,5.645509060236975e-10,7.728043760479864e-10,3.71129935672343e-08,35.61554718017578,1.6887853145599365,-10.400130271911621,-5.459420680999756,-31.714797973632812,1.9094110310077668,-35.68357722603496,36.24313910642461
66,95.92816901408452,0.5919463634490967,7.201843459370139e-07,3.6793958315683994e-06,0,1.0,5.1231876518897934e-09,5.579258166577006e-10,7.650665101444076e-10,3.5717093282983114e-08,36.96512222290039,4.493369102478027,-7.232449531555176,-2.0383965969085693,-28.925012588500977,1.9239018186926842,-37.70683809980076,29.547549044067537
67,282.3272727272726,0.6159992814064026,6.989371286181267e-07,1.6670159084242187e-06,0,1.0,5.052502416447169e-09,5.518245305147218e-10,7.580333583057097e-10,3.4492639855443485e-08,37.097896575927734,7.598018169403076,-4.01431131362915,0.90614914894104,-25.931407928466797,1.9208388939499854,-39.77460132771401,27.271515886987274
68,354.5090909090908,0.6410261392593384,6.761034114788345e-07,1.512471612841182e-06,0,1.0,4.9823465353426855e-09,5.454933726944944e-10,7.503890286919557e-10,3.3173144231568585e-08,38.23488998413086,9.423751831054688,-2.327446460723877,2.1580100059509277,-25.604902267456055,1.94893573731184,-40.93629352052008,33.70791153692121
69,157.5159090909091,0.6672000288963318,6.549217346218938e-07,2.3479319679609034e-06,0,1.0,4.912779960619673e-09,5.39199906945953e-10,7.431476545249893e-10,3.195741626882409e-08,39.84370040893555,12.311720848083496,0.677249550819397,5.498415946960449,-22.898820877075195,1.895527970790863,-43.26856388092041,25.861464624404906
70,-135.9568181818181,0.6944412589073181,6.356852395583701e-07,3.0429901016759686e-06,0,1.0,4.84988005311493e-09,5.33374622246896e-10,7.363750165190197e-10,3.085572686245541e-08,42.278587341308594,15.893349647521973,4.800407409667969,9.51024055480957,-18.91277503967285,1.9607706874608994,-46.13338796615601,22.31730928659439
71,103.85845070422533,0.7227910161018372,6.122411377873505e-07,3.1627307635062607e-06,0,1.0,4.775135842294276e-09,5.260547553120887e-10,7.276931834887534e-10,2.95148243623089e-08,43.277069091796875,18.09391212463379,7.5021820068359375,12.04884147644043,-17.22297477722168,1.9237343135476113,-48.19187620162964,30.537476301193237
72,296.7522727272728,0.7522981762886047,5.910568461331422e-07,1.247218506250647e-06,0,1.0,4.704171718827865e-09,5.19354115269266e-10,7.196695461786362e-10,2.831021816973589e-08,43.758792877197266,19.64260482788086,8.764752388000488,13.312911987304688,-16.5102596282959,1.932103827893734,-49.13296569824219,30.594717144966125
73,19.981818181818213,0.7830073237419128,5.685889163942193e-07,2.372456719967886e-06,0,1.0,4.629827188296076e-09,5.120732726737742e-10,7.112186950486432e-10,2.7034984029228326e-08,44.2198600769043,21.02716827392578,9.817002296447754,14.435341835021973,-15.782672882080078,1.9645648059248924,-50.7674298286438,31.86390198945999
74,233.01904761904763,0.8148055672645569,5.47690945040813e-07,1.7871270756586455e-06,0,1.0,4.562710653743807e-09,5.051430940206103e-10,7.030547810593646e-10,2.5850255269688205e-08,44.68590545654297,22.417688369750977,11.167197227478027,16.38813591003418,-14.756675720214844,1.9747857028245925,-51.24574042085427,28.551763273363736
75,316.04772727272746,0.848064124584198,5.247576950750954e-07,1.4424085748032667e-06,0,1.0,4.484798310500082e-09,4.971161815525704e-10,6.937131424855636e-10,2.4559168920745833e-08,44.309967041015625,21.360206604003906,9.755745887756348,14.883686065673828,-17.033859252929688,1.9448970460891724,-51.356393013000485,34.00532648563385
76,60.81590909090915,0.8826797008514404,5.056208465248346e-07,2.170412017221679e-06,0,1.0,4.421209176541652e-09,4.903706329884017e-10,6.858339451909501e-10,2.3483339717245144e-08,45.84158706665039,23.582456588745117,11.963558197021484,16.980270385742188,-14.923308372497559,1.9737665039300918,-52.50238933563232,23.671730806827544
77,-11.168181818181758,0.9187068343162537,4.867504230787745e-07,2.252871126984246e-06,0,1.0,4.357482374928168e-09,4.833605182774647e-10,6.774998895231477e-10,2.242728491808066e-08,46.173545837402344,25.873926162719727,14.56662654876709,19.4898681640625,-11.671358108520508,1.893728464245796,-53.42865829467773,24.354619948863984
78,300.6545454545455,0.9562034606933594,4.6747396709179156e-07,1.0096733831232996e-06,0,1.0,4.29563273840472e-09,4.761718241930168e-10,6.691127096836169e-10,2.134775733964034e-08,45.99793243408203,25.595611572265625,14.193158149719238,19.59638786315918,-11.8815279006958,1.902547232210636,-53.94702428817749,26.817892332077026
79,128.02954545454557,0.9898700714111328,4.5180183860793477e-07,7.526238618993375e-07,0,1.0,4.244016249543847e-09,4.700617672881435e-10,6.619078618541607e-10,2.0474407946835527e-08,46.24313735961914,26.6768741607666,15.029224395751953,20.67812156677246,-11.730132102966309,1.9725454005202807,-53.633868112729466,25.936386240700077
80,272.0880952380952,1.0302704572677612,4.3357673007449193e-07,1.474370833420835e-06,0,1.0,4.191389013641356e-09,4.6301601441811613e-10,6.528551588225184e-10,1.9454118316275526e-08,47.65762710571289,26.689128875732422,14.990829467773438,20.154375076293945,-13.125131607055664,1.9155994245409966,-55.056980533599855,28.36839993238449
81,86.70000000000005,1.0723190307617188,4.1424300434300676e-07,1.9394321952859173e-06,0,1.0,4.121562202641371e-09,4.549117471608355e-10,6.442407718409981e-10,1.8389373579452695e-08,48.55939483642578,27.74590301513672,16.10194206237793,21.30816078186035,-12.382428169250488,1.9728722208738327,-56.18519817352295,28.42713423371315
82,444.1738095238095,1.1160836219787598,3.935394374821044e-07,9.380675578540831e-07,0,1.0,4.051615931643937e-09,4.458934887985322e-10,6.333593649543445e-10,1.7249863759616346e-08,46.71703338623047,26.29319953918457,14.12515640258789,19.492938995361328,-14.813355445861816,1.9540113243460655,-55.73840944290161,31.19207916498184
83,228.99225352112683,1.1616333723068237,3.720631980286271e-07,1.7377248013872304e-06,0,1.0,3.9762451109481844e-09,4.363143735197639e-10,6.218974224481144e-10,1.6075359710043813e-08,47.94169616699219,25.981523513793945,13.506741523742676,18.161802291870117,-17.461341857910156,1.9404538574814796,-55.82029022216797,35.154436829090116
84,356.6166666666666,1.2090412378311157,3.554793863713712e-07,9.889749890135136e-07,0,1.0,3.918191993079745e-09,4.2865211380416213e-10,6.126482654522647e-10,1.5171963241300546e-08,49.81671142578125,29.511247634887695,17.241971969604492,21.656461715698242,-13.213127136230469,1.9280727195739746,-57.33155555725098,22.76214273929596
85,274.6767605633803,1.258384108543396,3.386123808013508e-07,1.4112735016169609e-06,0,1.0,3.864618847160273e-09,4.2051279125487895e-10,6.028602062002619e-10,1.4250946200888848e-08,51.8967170715332,30.712276458740234,17.972217559814453,22.701534271240234,-12.481109619140625,1.8766665077209472,-58.63400011062622,25.471182390451432
86,130.6542253521127,1.3094786405563354,3.202293896720221e-07,1.954013896465767e-06,0,1.0,3.8033540761261975e-09,4.1135653217061474e-10,5.916295786612125e-10,1.3254415343055825e-08,50.96086883544922,28.770748138427734,15.811835289001465,20.368091583251953,-14.918848991394043,1.9140183210372925,-59.51072650698561,33.29692946486737
87,-91.21666666666671,1.3356651067733765,3.129305525817472e-07,6.047679903531389e-07,0,1.0,3.77476405688526e-09,4.0719966287738885e-10,5.864670415967055e-10,1.2865525533811706e-08,51.835147857666016,30.14510154724121,17.222806930541992,21.766891479492188,-13.656346321105957,1.9288269522214176,-59.57399518562086,22.600935126795914
88,372.87535211267596,1.3901755809783936,2.984748732615117e-07,1.2852029840360046e-06,0,1.0,3.735742826194155e-09,3.998366360224992e-10,5.775278588693311e-10,1.2076295519136693e-08,52.44181823730469,30.78988265991211,16.77943992614746,21.610414505004883,-14.18484115600586,1.810326291024685,-60.46851577758789,26.95167422056198
89,187.51666666666654,1.4469107389450073,2.8552335606946144e-07,1.033464286592789e-06,0,1.0,3.7038296873959098e-09,3.9271907947835416e-10,5.688496340638949e-10,1.1369325036980626e-08,52.414031982421875,31.505287170410156,18.35878562927246,23.402048110961914,-11.834357261657715,1.9297295328974724,-61.41809902191162,25.42222907066345
90,149.52042253521125,1.505961298942566,2.7260870183454244e-07,1.4340635061671492e-06,0,1.0,3.680232341096712e-09,3.854546404280512e-10,5.599877228590344e-10,1.0658228966065053e-08,52.63063430786133,31.541988372802734,18.33143424987793,23.5406436920166,-13.090121269226074,1.8859541577100754,-62.11177976608276,28.41001093149185
91,208.26136363636374,1.567421793937683,2.6113730200449936e-07,7.343408583437849e-07,0,1.0,3.666660530754484e-09,3.7878739034269415e-10,5.521551549314552e-10,1.0020904994689772e-08,53.56635284423828,32.350502014160156,19.871339797973633,24.621057510375977,-11.743128776550293,1.9237133976817131,-62.94702228546143,26.149569284915923
92,303.79225352112667,1.6313905715942383,2.502794416159304e-07,1.0673659289750503e-06,0,1.0,3.6683394100123223e-09,3.7223549242959564e-10,5.444206752081016e-10,9.404884870889418e-09,53.657718658447266,31.88547706604004,19.940147399902344,24.706754684448242,-12.01192855834961,1.9648363250494003,-63.622894039154055,28.654310536384582
93,152.59718309859156,1.6979776620864868,2.399213485659857e-07,1.5764526324346662e-06,0,1.0,3.664590852991978e-09,3.6559180682793624e-10,5.364322874790162e-10,8.825387531885553e-09,55.31721115112305,32.302467346191406,19.413103103637695,24.780122756958008,-12.549802780151367,1.9448314970731735,-64.29039817810059,25.884249556064606
94,344.5785714285714,1.7672851085662842,2.3165739548858255e-07,4.7056946073098516e-07,0,1.0,3.6770397837671e-09,3.601628162375192e-10,5.300724303936022e-10,8.348428615079229e-09,55.825618743896484,33.55510711669922,20.695466995239258,25.875354766845703,-10.86465072631836,1.9245519840717316,-65.65294576644898,22.447006145715715
95,148.21590909090915,1.8394216299057007,2.2427217061249394e-07,9.487438319411012e-07,0,1.0,3.7193832458370935e-09,3.550236493676806e-10,5.242017930839893e-10,7.891615361188542e-09,55.24021530151367,33.35482406616211,20.2574520111084,25.83233070373535,-10.519599914550781,1.9828829312324523,-65.8788228416443,26.432905144691468
96,404.93571428571425,1.914502501487732,2.183765275276528e-07,5.662441822096298e-07,0,1.0,3.803905634924831e-09,3.5076169746517394e-10,5.195750496511664e-10,7.475936314449427e-09,56.79833984375,35.81980895996094,22.662256240844727,27.399185180664062,-7.775765419006348,1.9038000470399856,-66.08761234283448,21.055437808036803
97,364.2931818181817,1.9926480054855347,2.1393020688265096e-07,7.274548465829866e-07,0,1.0,3.938136483583321e-09,3.4711253316110913e-10,5.159477844962623e-10,7.091790266144926e-09,57.26304244995117,35.97013854980469,22.770153045654297,26.98087501525879,-7.788373947143555,1.9319818532466888,-66.47072957992553,23.489764273166656
98,283.6785714285714,2.0739834308624268,2.1076047573842516e-07,7.567268198727106e-07,0,1.0,4.117405527637175e-09,3.439497853197082e-10,5.130518787588301e-10,6.734444557565666e-09,58.56174087524414,36.431941986083984,23.87302017211914,27.883581161499023,-7.340812683105469,1.8958239004015922,-68.12678840637207,25.588329079151155
99,43.62535211267604,2.129901170730591,2.0936437294949428e-07,8.170439969035215e-07,0,1.0,4.27886970300051e-09,3.4198016640729634e-10,5.111355227960246e-10,6.494945914425898e-09,60.11125946044922,37.607177734375,23.681049346923828,28.636978149414062,-7.574056148529053,1.9575595846749787,-69.74082505075555,26.315331932297326
100,331.265909090909,2.2168385982513428,2.0865324756869086e-07,6.299209189819521e-07,0,1.0,4.589637558893855e-09,3.392366665355695e-10,5.092117838501053e-10,6.144929898255214e-09,58.95319366455078,36.6403923034668,22.132797241210938,27.05726432800293,-9.332672119140625,1.9817245277762412,-70.04764545440673,28.552079994678497
101,281.831690140845,2.3073248863220215,2.1087991797230643e-07,1.0009480320150033e-06,0,1.0,5.0346580238169736e-09,3.3762226347988644e-10,5.087137933124097e-10,5.825608440090946e-09,59.749183654785156,37.29457092285156,21.97045135498047,27.845169067382812,-9.532279014587402,1.8992252004146577,-70.63047657012939,24.43676723241806
102,406.8661971830985,2.4015045166015625,2.204375846304174e-07,5.305743115968653e-07,0,1.0,5.901906519056865e-09,3.374490409324693e-10,5.108977130241499e-10,5.497972299650655e-09,58.922908782958984,36.23365783691406,20.485248565673828,25.854782104492188,-11.349472999572754,1.9578107741475106,-70.13893859863282,31.44573129892349
103,445.8528169014083,2.499528408050537,2.39582476524447e-07,4.147669869780657e-07,0,1.0,7.244819855145579e-09,3.392360004017547e-10,5.152191451252008e-10,5.243220524420167e-09,60.37431335449219,36.543785095214844,20.995079040527344,25.477630615234375,-11.44003963470459,1.948865968286991,-71.10186134338379,24.095504825115203
104,343.2568181818181,2.601553201675415,2.746108407336578e-07,7.106749535523704e-07,0,1.0,9.4743644041273e-09,3.4272129578738486e-10,5.214534359865297e-10,5.0251509620125034e-09,60.64556121826172,34.70356369018555,19.931373596191406,24.8212890625,-12.736738204956055,1.9631682699918747,-72.89366020202637,27.43014938592911
105,308.8795454545456,2.707742691040039,3.5890667504645535e-07,7.958209380376502e-07,0,1.0,1.4559959460314076e-08,3.502549361655838e-10,5.327960850287639e-10,4.857665825142021e-09,62.468719482421875,36.625492095947266,21.495147705078125,26.098527908325195,-11.626461029052734,1.9321380758285522,-74.12163421630859,23.506181132793426
106,71.49523809523811,2.8182663917541504,9.308267863161745e-07,2.195696879425668e-06,0,1.0,4.935888142654221e-08,3.925580693842079e-10,5.896840238328593e-10,5.0786770344757315e-09,63.596717834472656,39.58326721191406,24.611400604248047,29.531599044799805,-7.0272135734558105,1.9489999136328697,-74.45988765716552,21.33641376376152
107,372.1590909090906,2.920926332473755,0.016276204958558083,0.16020041704177856,0,0.9979215264320374,0.0016400422900915146,0.0001676917599979788,0.00027072327793575823,3.7721832768511376e-08,64.29487609863281,40.664920806884766,25.13197135925293,30.466398239135742,-6.118314743041992,1.9114746114611625,-75.64654106140136,19.252935857772826
108,-340.9295454545454,2.9631764888763428,0.009386860765516758,0.6242519617080688,0,0.9988736510276794,0.000947448133956641,7.289775385288522e-05,0.00010606642172206193,9.736616846112156e-09,63.834434509277344,39.72214889526367,23.993019104003906,29.075695037841797,-6.978527545928955,1.929414118688131,-75.39891492705985,28.204879603435085
109,32.835211267605644,3.058844804763794,0.005720784887671471,0.209512859582901,0,0.9993451237678528,0.0005856722127646208,2.3561533453175798e-05,4.5624288759427145e-05,2.9238942378384536e-09,64.7149658203125,39.5809211730957,22.570905685424805,28.213701248168945,-7.692018508911133,1.924416385293007,-76.48726001739502,22.265185770988463
110,-225.42619047619044,3.0995240211486816,0.004651831928640604,0.7001546621322632,0,0.9994795918464661,0.0004697737458627671,1.5222832189465407e-05,3.5387529351282865e-05,2.002446430893201e-09,65.42359161376953,39.26152420043945,21.274656295776367,27.727251052856445,-7.993957042694092,2.0424340330064297,-77.11569814682007,27.015439671278
111,88.17857142857142,3.202434539794922,0.0073364246636629105,0.3899979889392853,0,0.9991264939308167,0.0007942863157950342,2.0675239284173585e-05,5.8545356296235695e-05,4.424016264437114e-09,65.69735717773438,40.902984619140625,22.682992935180664,29.47437286376953,-5.359111785888672,1.912286250591278,-77.82483249664307,21.35133842945099
112,125.39772727272727,3.3085176944732666,0.006300300359725952,0.5521182417869568,0,0.9992607235908508,0.0006824402953498065,1.2870730643044226e-05,4.400641773827374e-05,4.561181210505083e-09,65.21929931640625,39.3980712890625,20.24493408203125,27.772764205932617,-6.851251602172852,1.8766110041737556,-76.96365528106689,26.194865942001343
113,-394.80681818181813,3.3685340881347656,0.007215037941932678,0.5667114853858948,0,0.9991384744644165,0.000793411978520453,1.548401269246824e-05,5.256881195236929e-05,7.549302516451917e-09,65.55913543701172,40.261436462402344,21.721670150756836,28.910476684570312,-5.671365737915039,1.9418172422382567,-77.45293878625941,19.980749117003548
114,48.837323943661964,3.475234031677246,0.01130878645926714,0.5274646282196045,0,0.9985658526420593,0.0013107855338603258,2.7058371415478177e-05,9.633492300054058e-05,2.2316875458727736e-08,66.05671691894531,41.8956413269043,23.957149505615234,30.80109214782715,-3.7846531867980957,1.923462992310524,-77.84568172454834,20.543577075004578
115,61.90714285714285,3.5844991207122803,0.008368506096303463,0.6030150651931763,0,0.9989880919456482,0.0009109388920478523,2.002013752644416e-05,8.092288044281304e-05,3.395756920099302e-08,64.57510375976562,38.37882995605469,21.17748260498047,28.1649169921875,-6.427478790283203,1.9249866625666618,-76.68940231323242,24.625276582241057
116,-406.2909090909091,3.678500175476074,0.009716110303997993,0.668234646320343,0,0.9988229870796204,0.0009895586408674717,3.163691144436598e-05,0.00015565005014650524,7.918949762597549e-08,64.58158874511719,38.330020904541016,22.64335823059082,30.255416870117188,-4.8569793701171875,2.020382252967719,-76.43987630208333,20.19895047274503
117,22.188636363636352,3.793583869934082,0.011377840302884579,0.6404043436050415,0,0.9985839128494263,0.0012143906205892563,3.431895311223343e-05,0.00016719223640393466,2.0879495821191085e-07,65.07140350341797,38.833473205566406,22.74563980102539,30.08635139465332,-3.6783792972564697,1.894243052303791,-76.37844779968262,25.14840163588524
118,28.568181818181834,3.910789728164673,0.013297507539391518,0.757521390914917,0,0.9983009696006775,0.0014722705818712711,3.329191531520337e-05,0.00019321143918205053,2.515623691579094e-07,65.05723571777344,39.19525146484375,21.95875358581543,30.137086868286133,-4.623243808746338,1.9506394371390343,-76.3345760345459,22.775109848976136
119,-536.159090909091,3.9493024349212646,0.013087036088109016,0.919167697429657,0,0.9983283877372742,0.0014588027261197567,3.135530641884543e-05,0.0001812404952943325,2.6457428248249926e-07,64.46661376953125,38.27307891845703,20.758386611938477,28.901941299438477,-6.094583034515381,2.0344091118245884,-75.57764036759086,26.304342014202174
120,-174.92605633802813,4.061516761779785,0.01768098771572113,0.6020070910453796,0,0.9976751208305359,0.0019261350389569998,7.302376616280526e-05,0.0003251788148190826,6.38658718798979e-07,64.91810607910156,39.057621002197266,23.86141586303711,30.94021224975586,-2.5467023849487305,1.8960610300302505,-75.28310317609777,19.25008510464999
121,-201.83732394366206,4.169698715209961,0.030777737498283386,0.662507176399231,0,0.9956165552139282,0.0035318846348673105,0.00017751235282048583,0.0006729171145707369,1.1092981822002912e-06,65.02384185791016,41.18592071533203,27.353973388671875,33.592140197753906,-0.007303744554519653,1.999418281018734,-76.11366016387939,15.696964318752288
122,-285.4056338028171,4.276399612426758,0.02567083202302456,0.832185685634613,0,0.9964284300804138,0.002948030363768339,0.00013162026880308986,0.000491099723149091,7.755870115033758e-07,64.13330078125,39.197505950927734,24.699289321899414,31.003087997436523,-2.83815336227417,1.95375654399395,-74.79668918609619,21.63483508348465
123,110.52183098591546,4.403295993804932,0.026932448148727417,0.5759767889976501,0,0.9962157607078552,0.0031341996509581804,0.00011913831258425489,0.0005302208592183888,7.120480063349532e-07,63.33547592163086,37.817684173583984,22.203630447387695,29.43867301940918,-4.848602771759033,1.9305774742364883,-74.36323387145995,26.33750433206558
124,-195.36619718309862,4.551433086395264,0.028624244034290314,0.6139596700668335,0,0.9959254264831543,0.003393822582438588,0.00010445113730384037,0.0005757155595347285,6.433390353777213e-07,63.50251007080078,37.61517333984375,20.689834594726562,29.170480728149414,-5.371926784515381,1.9655254262685775,-73.75757724761962,22.446744611263274
125,-101.77727272727276,4.6940813064575195,0.02971825748682022,0.6522336602210999,0,0.9958072900772095,0.0032847444526851177,0.00013656709052156657,0.0007706204196438193,8.106871973723173e-07,65.22197723388672,38.36708068847656,22.444473266601562,31.268539428710938,-3.7019338607788086,1.948691488802433,-73.52854434967041,18.857842916250227
126,-607.9681818181818,4.838339328765869,0.035572949796915054,0.7977595329284668,0,0.9948859810829163,0.0038240596186369658,0.00022154820908326656,0.0010669241892173886,1.5249671605488402e-06,65.90873718261719,38.80369567871094,24.310808181762695,32.355220794677734,-1.309579610824585,1.9516188709775388,-74.354481860419,18.781417394869894
127,-130.31666666666663,4.980080604553223,0.046546436846256256,0.8723220825195312,0,0.9929485321044922,0.005435872822999954,0.0002957636315841228,0.0013170609017834067,2.708706006160355e-06,66.35619354248047,40.74473571777344,25.86087989807129,33.60114288330078,1.6576874256134033,1.9797114220261574,-74.41988883972168,17.99602843284607
128,-418.0802816901407,5.114661693572998,0.05768630653619766,0.9482014179229736,0,0.9908190369606018,0.007374568376690149,0.0003616346511989832,0.0014408977003768086,3.818615823547589e-06,64.55536651611328,39.712154388427734,23.89599609375,31.216388702392578,0.043802328407764435,1.9301779314875602,-73.78852752685548,22.163628957271577
129,-431.9642857142857,5.260939121246338,0.07156636565923691,0.864315927028656,0,0.98818039894104,0.00936728622764349,0.0005380380316637456,0.0019090883433818817,5.2252203204261605e-06,64.93840026855469,40.37337112426758,25.082759857177734,31.9390926361084,0.6011814475059509,1.943321607708931,-73.61160202026367,18.700163168907167
130,-263.81428571428575,5.413501739501953,0.07767902314662933,0.8514100909233093,0,0.9869024753570557,0.010449171997606754,0.00047759656445123255,0.002164555946364999,6.1513742366514634e-06,63.83497619628906,39.33250045776367,22.124343872070312,30.46295928955078,-1.0598862171173096,1.9825948190689087,-73.60665817260742,22.165926773548126
131,-382.7571428571429,5.455798625946045,0.08209223300218582,1.019236445426941,0,0.9859670996665955,0.011265800334513187,0.0004801238828804344,0.002280221786350012,6.67679250909714e-06,63.81807327270508,39.483642578125,21.982765197753906,30.70030403137207,-0.9034833312034607,1.9791292515668002,-72.84724842418323,19.248462026769463
132,-209.88571428571424,5.627722263336182,0.08788066357374191,0.9497094750404358,0,0.9847540855407715,0.012190877459943295,0.0004530831938609481,0.002594319172203541,7.583635124319699e-06,62.10529327392578,37.52646255493164,18.77374839782715,28.75752830505371,-4.034021377563477,1.9409787812829018,-72.06731216430664,25.329400458335876
133,-446.2954545454545,5.759201526641846,0.11461082845926285,0.8915771245956421,0,0.9791291952133179,0.016289982944726944,0.0007998730870895088,0.0037661753594875336,1.48021763379802e-05,63.46316146850586,39.729820251464844,21.85064125061035,31.0565128326416,-1.2752959728240967,1.968169691618423,-72.09562665258932,18.88042342314246
134,-1159.954761904762,5.850715160369873,0.12922585010528564,1.0592939853668213,0,0.9760861992835999,0.01795809157192707,0.0010499279014766216,0.0048864553682506084,1.937024535436649e-05,62.386940002441406,39.20390701293945,22.46495819091797,31.480154037475586,-1.1286898851394653,1.9444139256621853,-72.50910550897771,19.222833705670904
135,-280.02045454545464,5.961641788482666,0.1657380759716034,0.8373245000839233,0,0.9679794907569885,0.022793244570493698,0.0018207040848210454,0.007370280101895332,3.636173278209753e-05,62.267372131347656,39.95766067504883,24.61282730102539,33.14119338989258,1.009839653968811,1.9412057143449784,-71.56819763183594,15.274194157123565
136,-733.2545454545456,6.059579849243164,0.16205424070358276,0.9644789099693298,0,0.9685707092285156,0.023334385827183723,0.0017497309017926455,0.006308881565928459,3.6205128708388656e-05,62.780452728271484,40.304256439208984,24.445100784301758,32.336936950683594,0.6610164046287537,2.0287784887425726,-71.71604130920751,18.499122001605325
137,-328.9476190476192,6.185206890106201,0.16359968483448029,0.9584925770759583,0,0.9682832956314087,0.02339680679142475,0.0018878778209909797,0.006394229829311371,3.785708759096451e-05,64.04315948486328,41.15791320800781,25.492290496826172,33.131954193115234,1.2041268348693848,1.9671401804685593,-71.92628692626953,17.28863970756531
138,-670.7591549295774,6.3019328117370605,0.21942958235740662,1.054879903793335,0,0.9544416666030884,0.03339797258377075,0.0035028280690312386,0.008573435246944427,8.413411705987528e-05,63.58706283569336,42.55195236206055,28.28616714477539,33.857452392578125,4.487834930419922,1.9076723605394363,-72.60500911712647,15.604128779172898
139,-280.71971830985916,6.393450736999512,0.26470962166786194,0.9244705438613892,0,0.9425035715103149,0.041365839540958405,0.0049515110440552235,0.01106919627636671,0.0001099374785553664,62.555259704589844,42.804161071777344,29.395038604736328,34.39680862426758,4.920385360717773,1.8855296224355698,-73.26009433746339,16.791102306842802
140,-243.55238095238101,6.426060676574707,0.28854086995124817,1.0641340017318726,0,0.9368981122970581,0.04273277148604393,0.006154760252684355,0.014036915265023708,0.00017742662748787552,63.554725646972656,43.59611511230469,31.128747940063477,36.48017883300781,7.990695476531982,1.9347302290797233,-72.98170738220215,16.118986858129503
141,-356.104761904762,6.471321105957031,0.26468750834465027,1.038099765777588,0,0.9433572292327881,0.038796328008174896,0.005381228867918253,0.012309001758694649,0.00015636123134754598,63.508644104003906,42.85039138793945,30.028852462768555,35.4334716796875,7.006398677825928,1.9495811554789544,-72.7913020324707,18.257436262369154
142,-283.7943661971833,6.528841495513916,0.3190158009529114,1.0624587535858154,0,0.9283514618873596,0.04842584580183029,0.007676153443753719,0.015300869941711426,0.00024572614347562194,62.45526885986328,43.23715591430664,31.199657440185547,35.67807388305664,8.4795503616333,1.9582363468408586,-72.6195210647583,16.085215463638306
143,-415.68732394366214,6.545645713806152,0.3467165231704712,1.0637704133987427,0,0.9199457168579102,0.054845910519361496,0.008748535066843033,0.01611628197133541,0.0003436056722421199,61.83127212524414,43.43330764770508,31.38715934753418,35.390811920166016,10.024937629699707,1.9147551846504212,-71.3781873703003,16.577818657159806
144,-732.6098591549295,6.5526909828186035,0.353877454996109,1.1213551759719849,0,0.9183592200279236,0.05445149540901184,0.009322471916675568,0.017525339499115944,0.0003414943639654666,61.92805099487305,43.40268325805664,31.88155746459961,35.92935562133789,9.930438041687012,2.0163401388427586,-70.74229001535953,14.656721226219991
145,-479.1547619047619,6.597597122192383,0.3277571201324463,1.152479887008667,0,0.9267443418502808,0.0476316437125206,0.009333530440926552,0.015976058319211006,0.0003144414513371885,62.72086715698242,43.18736267089844,32.41303253173828,35.92845916748047,9.798428535461426,1.9503026309609413,-71.08659362792969,15.844505766630173
146,-469.54761904761887,6.676508903503418,0.36011236906051636,1.094875454902649,0,0.9180453419685364,0.050893597304821014,0.010954469442367554,0.019684085622429848,0.0004225822049193084,63.0078010559082,43.57493209838867,33.164058685302734,37.11860656738281,11.184192657470703,1.929821046590805,-71.4844139099121,16.1370673084259
147,-325.87619047619046,6.706040859222412,0.4110342264175415,1.1026952266693115,0,0.9032461643218994,0.058420807123184204,0.014469968155026436,0.02327159233391285,0.0005914719076827168,62.634952545166016,44.261756896972656,34.93302536010742,38.084373474121094,13.137829780578613,1.8889605152606963,-71.28563152313232,15.168521695137024
148,-480.045238095238,6.75871467590332,0.37872323393821716,1.1445565223693848,0,0.9130375981330872,0.05315864831209183,0.013399132527410984,0.019872542470693588,0.0005319744232110679,63.070133209228516,43.87214660644531,34.691993713378906,37.2011833190918,12.736982345581055,1.9260034489631652,-71.26763038635254,16.82305728197098
149,-336.08181818181816,6.8241047859191895,0.4017956852912903,0.9608578681945801,0,0.9076189398765564,0.052090201526880264,0.016502561047673225,0.023064512759447098,0.0007237386889755726,64.5605697631836,44.896480560302734,37.02915954589844,39.29647445678711,15.470063209533691,1.9455644473433495,-71.7693770980835,14.200326384305955
150,-375.65681818181844,6.876255035400391,0.4164172410964966,1.0661274194717407,0,0.9031899571418762,0.05427427589893341,0.01675250194966793,0.02500453032553196,0.0007788006914779544,63.924461364746094,44.60919189453125,36.541160583496094,39.268795013427734,15.324742317199707,1.9677742779254914,-72.42939876556396,15.379669375419617
151,-519.8404761904761,6.970507621765137,0.40846163034439087,1.1223312616348267,0,0.9057111740112305,0.05278430134057999,0.01669701188802719,0.024029111489653587,0.000778449815697968,64.4569320678711,44.58327102661133,36.44990158081055,38.92836380004883,14.69416618347168,1.9795247703790664,-72.70916149139404,17.161909732818604
152,-428.8977272727273,7.049497604370117,0.4244448244571686,1.0474379062652588,0,0.9002702832221985,0.05775256082415581,0.017544245347380638,0.023623742163181305,0.0008091999334283173,63.79397964477539,44.458980560302734,36.08400344848633,38.13908004760742,14.254705429077148,1.9683869007229804,-72.177427444458,14.534310009479523
153,-305.2690140845068,7.14044189453125,0.4386161267757416,1.09486722946167,0,0.8956981301307678,0.0601932667195797,0.01733814924955368,0.025976968929171562,0.0007935255416668952,64.0950927734375,45.05012130737305,36.268768310546875,39.08012771606445,14.096420288085938,1.9514800244569779,-72.17178615570069,13.778266360759735
154,-667.4788732394367,7.1518683433532715,0.4641801416873932,1.2383702993392944,0,0.887757420539856,0.06429877877235413,0.019209951162338257,0.027800356969237328,0.0009334807400591671,63.79501724243164,45.06731033325195,36.48604202270508,39.07966232299805,14.637904167175293,1.9040588527112394,-72.3374426558211,14.70540393365396
155,-781.6549295774646,7.117027282714844,0.5243836045265198,1.1437584161758423,0,0.867664635181427,0.07596387714147568,0.02399485930800438,0.03125869482755661,0.001117875799536705,62.664329528808594,45.36485290527344,37.21011734008789,38.97114562988281,15.120569229125977,2.009578682576554,-71.73091526272931,14.003579972665522
156,-190.0886363636365,6.917518138885498,0.549871027469635,1.1081825494766235,0,0.857552170753479,0.08492773026227951,0.025502560660243034,0.03088270127773285,0.0011348271509632468,62.17839431762695,46.26891326904297,37.890663146972656,39.20561981201172,16.17191505432129,1.9642647802829742,-70.94273113250732,14.270365384817124
157,-542.5366197183097,6.835400581359863,0.5515342950820923,1.156855821609497,0,0.8581839203834534,0.08133471012115479,0.0250278040766716,0.034173499792814255,0.0012799877440556884,62.57413864135742,46.403663635253906,38.33372497558594,40.43116760253906,17.714113235473633,1.9141612428426742,-70.98458576202393,14.82659618616104
158,-516.1095238095238,6.785159111022949,0.5408618450164795,1.2154133319854736,0,0.8613989353179932,0.0804818794131279,0.0232075322419405,0.03375188633799553,0.001159708946943283,62.47306442260742,46.37786102294922,37.9602165222168,40.45472717285156,17.33597183227539,1.899896816458813,-70.80874323290448,13.584227051845817
159,-412.447619047619,6.768139362335205,0.5451912879943848,1.2559974193572998,0,0.860261857509613,0.08016004413366318,0.02461429499089718,0.03383868560194969,0.0011250384850427508,62.5349235534668,46.562652587890625,38.62416458129883,40.673274993896484,17.50484848022461,1.8816447008040644,-70.7759254209457,11.621476657928959
160,-687.8119718309861,6.611424446105957,0.6129155158996582,1.1530929803848267,0,0.8366474509239197,0.09068072587251663,0.03361247852444649,0.037869006395339966,0.0011903541162610054,61.327152252197266,46.604736328125,39.96108627319336,40.76637268066406,17.636493682861328,1.8789095735549928,-70.49303146362304,14.91659105181694
161,-496.1640845070422,6.501648902893066,0.6053095459938049,1.1947871446609497,0,0.8387186527252197,0.09133455157279968,0.03171273320913315,0.037138137966394424,0.0010958734201267362,61.38286590576172,46.95977020263672,40.060306549072266,41.0584716796875,17.81085205078125,1.8992456678421266,-69.47422009129679,14.840218722820282
162,-414.7761904761904,6.341057300567627,0.6059293746948242,1.140243649482727,0,0.8397849798202515,0.08725308626890182,0.03428259119391441,0.037565719336271286,0.0011135786771774292,61.438262939453125,47.07181930541992,41.0747184753418,41.63661575317383,19.067350387573242,1.916479074060917,-69.70584285736084,14.391603177785873
163,-454.9261904761904,6.31934118270874,0.5695096254348755,1.2053078413009644,0,0.8528885245323181,0.08075208961963654,0.03061682917177677,0.034680452197790146,0.0010620924877002835,62.15537643432617,47.33839416503906,41.21175765991211,41.984867095947266,19.7296199798584,1.9073147620122457,-69.38581989720925,13.510052174636998
164,-384.3394366197182,6.379490852355957,0.5770477056503296,1.1341632604599,0,0.8521531820297241,0.07529643923044205,0.03475360944867134,0.03656942397356033,0.0012272975873202085,62.36680603027344,46.905033111572266,41.95999526977539,42.25434112548828,20.414152145385742,1.9427468755841255,-69.80495445251465,14.152469149827958
165,-752.280952380952,6.434576988220215,0.5884521007537842,1.1693509817123413,0,0.8480096459388733,0.07786643505096436,0.03445257991552353,0.03834650665521622,0.0013247433817014098,63.1904411315918,47.78948974609375,42.45684814453125,43.15958023071289,21.257532119750977,1.870904845893383,-69.6864175415039,12.957957533597947
166,-234.69090909090903,6.405921936035156,0.6481225490570068,1.0966993570327759,0,0.8270247578620911,0.08578670024871826,0.041741784662008286,0.04373171180486679,0.0017150361090898514,61.92181396484375,47.3974609375,42.72650146484375,43.03434371948242,22.04476547241211,1.9486269143223762,-69.71548557281494,13.593575907945633
167,-860.7690476190478,6.38826847076416,0.6418966054916382,1.1558046340942383,0,0.8295142650604248,0.08435609191656113,0.0411066897213459,0.043251555413007736,0.0017713786801323295,60.32337188720703,45.73942947387695,41.06549072265625,41.3879508972168,20.65825080871582,2.0229662447825247,-68.24747039531839,16.106473173218212
168,-295.67499999999995,6.446725845336914,0.6247289180755615,1.0428247451782227,0,0.8367732167243958,0.07682561874389648,0.04166708141565323,0.04308738932013512,0.0016467089299112558,61.657066345214844,46.275482177734375,42.258079528808594,42.437129974365234,21.1136531829834,1.8785780230164528,-67.76796817779541,14.428280351161957
169,-159.1886363636363,6.636438369750977,0.6465278267860413,1.0494939088821411,0,0.8282943964004517,0.08349818736314774,0.04521573707461357,0.0410596989095211,0.0019320504507049918,61.523597717285156,46.35516357421875,42.23788070678711,41.547332763671875,21.19825553894043,2.012635351717472,-68.60949478149413,12.624599968194962
170,-630.2238095238095,6.625916004180908,0.7052806615829468,1.1628179550170898,0,0.8053104281425476,0.0964278131723404,0.050321344286203384,0.04561397805809975,0.0023264114279299974,60.827880859375,46.67973327636719,42.250370025634766,41.62569046020508,21.65041160583496,2.0310624609390895,-68.28272743225098,14.381289299329122
171,-719.3454545454546,6.609555721282959,0.7131128311157227,1.1756325960159302,0,0.8028537631034851,0.09535510838031769,0.052239928394556046,0.04714509844779968,0.0024060930591076612,60.66401672363281,46.51692199707031,42.422115325927734,41.739871978759766,21.734529495239258,1.907771253973488,-68.21822533956389,13.488671791262743
172,-376.0272727272734,6.739193916320801,0.6574766635894775,1.0418037176132202,0,0.8239220976829529,0.08827561885118484,0.04645085334777832,0.03889269009232521,0.002458753064274788,61.40574645996094,46.28298568725586,41.851200103759766,40.651973724365234,21.831552505493164,1.9386513257026672,-68.1238536643982,17.374783080816268
173,-228.38732394366204,6.908499240875244,0.7277041673660278,1.0810704231262207,0,0.7961607575416565,0.10338445752859116,0.05244283378124237,0.04501151666045189,0.003000352531671524,60.6774787902832,46.63162612915039,41.880104064941406,40.785682678222656,21.974390029907227,1.9692936837673187,-68.33890869140625,14.997739255428314
174,-761.2380952380954,6.816476821899414,0.7558006048202515,1.2046881914138794,0,0.7856118083000183,0.10440687090158463,0.05741099640727043,0.049596287310123444,0.002974152099341154,60.037723541259766,46.42520523071289,42.265594482421875,41.281883239746094,21.757015228271484,1.95615621391804,-67.76466769556845,13.184823736067742
175,-613.8047619047618,6.756552696228027,0.7352197766304016,1.2117211818695068,0,0.7944008708000183,0.09793930500745773,0.058407098054885864,0.04649167135357857,0.0027610354591161013,61.21654510498047,46.83182907104492,43.12285614013672,41.6148567199707,22.121257781982422,2.0772504646603656,-67.83582994414539,12.248963303682281
176,-380.9880952380953,6.81967306137085,0.7891849279403687,1.135757327079773,0,0.7710762023925781,0.11071465164422989,0.06404460966587067,0.05132574960589409,0.0028388770297169685,60.26824188232422,47.137149810791016,43.305667877197266,41.82284927368164,21.85640525817871,1.9625372260808944,-69.16144916534424,13.488241029977798
177,-380.5119047619048,6.746396541595459,0.7202128171920776,1.1358308792114258,0,0.8008267283439636,0.09375009685754776,0.05650796368718147,0.046215660870075226,0.0026995791122317314,61.24930191040039,46.92290115356445,43.4432373046875,42.10633850097656,22.798789978027344,1.9065459173917771,-68.41001468658447,14.387711764574052
178,-174.44318181818184,6.813032627105713,0.6974366903305054,1.06661057472229,0,0.8110383152961731,0.08501598238945007,0.054800935089588165,0.04632417857646942,0.002820551861077547,61.32490921020508,45.99361801147461,42.99026107788086,41.82614517211914,22.532197952270508,1.9597393018007279,-67.95962280273437,16.747770408391954
179,-460.183098591549,6.941545486450195,0.7171642780303955,1.1323325634002686,0,0.8038728833198547,0.08684967458248138,0.058423470705747604,0.0476217120885849,0.0032323612831532955,61.63600158691406,46.140403747558594,43.22681427001953,41.848548889160156,22.8763484954834,1.9022375485301017,-68.43677515029907,14.087615679502488
180,-228.4802816901408,7.051885604858398,0.7092713117599487,1.1349445581436157,0,0.806655764579773,0.08684607595205307,0.05778099596500397,0.045524053275585175,0.0031930471304804087,61.54142761230469,45.78498458862305,42.801185607910156,41.11796188354492,22.111583709716797,1.9411454525589944,-68.25731792449952,15.085405297279358
181,-797.1523809523809,7.211445331573486,0.7323035001754761,1.181689739227295,0,0.7980228066444397,0.09066403657197952,0.05940886586904526,0.04820821434259415,0.0036960316356271505,62.365745544433594,46.62855911254883,43.429359436035156,41.94045639038086,23.33270835876465,1.9759032465704722,-68.57776902548632,14.703027810283642
182,-458.66338028168997,7.087310314178467,0.7638645172119141,1.1754391193389893,0,0.785834550857544,0.09722305834293365,0.05906512588262558,0.053362928330898285,0.004514305852353573,60.2269401550293,45.42955017089844,41.82323455810547,41.12199020385742,23.52016258239746,2.006041136085987,-68.23316204071045,14.951250203847884
183,-233.86338028169018,7.1172661781311035,0.7236683368682861,1.156550407409668,0,0.8023219108581543,0.08827964961528778,0.05751156806945801,0.047544464468955994,0.004342416301369667,61.59131622314453,45.80078887939453,42.72434616088867,41.34138107299805,24.082334518432617,1.935142557322979,-67.22356674194336,14.57792867898941
184,-597.9119047619048,7.170943737030029,0.7053669095039368,1.1719708442687988,0,0.8103169798851013,0.08158430457115173,0.05848141759634018,0.04497312009334564,0.004644152242690325,62.599708557128906,46.08296585083008,43.63155746459961,41.73173904418945,25.238561630249023,1.974198799969545,-68.26352190615526,13.820920346388176
185,-376.1452380952381,7.293430328369141,0.7128527164459229,1.134330153465271,0,0.8067757487297058,0.0876057893037796,0.055587414652109146,0.0452222116291523,0.004808866418898106,62.28678512573242,46.155303955078125,42.72618103027344,41.21806716918945,24.798065185546875,1.9192430837452412,-68.37323945999145,14.973391652107239
186,-260.3260563380283,7.283760070800781,0.6969887614250183,1.1431517601013184,0,0.8131905198097229,0.08357241749763489,0.0520637221634388,0.04659403860569,0.004579355474561453,61.76008987426758,45.180606842041016,41.67776107788086,40.90230178833008,23.951616287231445,1.885302336513996,-67.24440158843994,16.751541596651077
187,-33.80227272727265,7.412098407745361,0.7185137867927551,1.055910587310791,0,0.8058981895446777,0.08380366861820221,0.05504347383975983,0.05006292089819908,0.005191734991967678,62.64421844482422,45.836280822753906,42.57100296020508,41.90896987915039,24.944122314453125,1.9817558330297471,-67.52446434020996,13.69592057466507
188,-500.0690140845071,7.452536582946777,0.762009859085083,1.151235818862915,0,0.7892921566963196,0.09026337414979935,0.06017593666911125,0.0541701465845108,0.006098286248743534,62.372188568115234,46.24759292602539,43.14954376220703,42.351402282714844,26.03984832763672,1.9368221554160119,-69.12770854949952,13.865281522274017
189,-220.2690476190477,7.240694999694824,0.8069583773612976,1.1899505853652954,0,0.7709401845932007,0.09332799166440964,0.07105105370283127,0.05864360183477402,0.006037165876477957,60.383216857910156,45.135555267333984,43.01070785522461,41.595645904541016,24.828371047973633,1.9255883282423019,-67.99919004440308,16.944933807849885
190,-404.41190476190474,7.238836765289307,0.7744180560112,1.1866527795791626,0,0.7835533022880554,0.08949978649616241,0.06915629655122757,0.05245758593082428,0.005333039443939924,61.365936279296875,45.697383880615234,43.71458435058594,41.666404724121094,24.9112606048584,1.9532231864333154,-67.22945577621459,14.268059914112092
191,-174.62619047619054,7.232173919677734,0.7882318496704102,1.179020881652832,0,0.7765768766403198,0.09819885343313217,0.06897484511137009,0.0509110651910305,0.005338327027857304,60.88178253173828,46.10908126831055,43.489166259765625,41.25898742675781,24.8629150390625,1.8980326983332634,-67.49549831390381,14.947170450687409
192,-425.8169014084507,7.190459728240967,0.8009012341499329,1.2209641933441162,0,0.7710955142974854,0.10102564841508865,0.07138741761445999,0.05096320062875748,0.00552814407274127,60.75447463989258,46.22187042236328,43.6234245300293,41.183006286621094,24.993619918823242,1.9393228670445883,-67.35720201817955,17.387258459882037
193,-238.89999999999992,7.072212219238281,0.8233612775802612,1.1007051467895508,0,0.7616069912910461,0.10324612259864807,0.07518453896045685,0.05453033745288849,0.0054319994524121284,60.10633087158203,45.99098205566406,43.64986801147461,41.3107795715332,24.777671813964844,1.921120666563511,-66.86261335372924,15.075082877874374
194,-213.49090909090904,6.9743452072143555,0.8142224550247192,1.0829689502716064,0,0.7639362215995789,0.10668545216321945,0.07235092669725418,0.05224933475255966,0.00477805407717824,59.73930358886719,46.08230209350586,43.24565887451172,40.97490310668945,24.082645416259766,1.9444048762321473,-66.84089824676514,15.506725986003875
195,-590.1330985915492,7.0242719650268555,0.789435863494873,1.1493570804595947,0,0.7753456234931946,0.1008254662156105,0.06855202466249466,0.050163108855485916,0.005113766063004732,59.722408294677734,45.4099235534668,42.59963607788086,40.37788391113281,24.210845947265625,1.917459668704818,-66.3601379605288,16.7678846548934
196,-250.38809523809525,7.133467197418213,0.7639420628547668,1.152387261390686,0,0.7865123748779297,0.09341797977685928,0.06604865193367004,0.04910500347614288,0.004915981087833643,61.56602478027344,46.41623306274414,43.800846099853516,41.70198059082031,25.02177619934082,1.9077221152186394,-66.37642948150635,13.372950392961503
197,-292.1022727272727,7.154057025909424,0.8286386728286743,1.0831927061080933,0,0.7586749196052551,0.10716775059700012,0.07178132981061935,0.057293377816677094,0.005082715302705765,60.629695892333984,46.7313232421875,43.738224029541016,42.120094299316406,24.424419403076172,1.940712447166443,-67.6883060836792,14.625171226263046
198,-149.27045454545458,7.0929388999938965,0.7871859073638916,1.1017351150512695,0,0.776456356048584,0.09480017423629761,0.07203555852174759,0.052439503371715546,0.004268313758075237,61.56024932861328,46.66130065917969,44.63093948364258,42.38423538208008,24.347721099853516,1.9732718041539192,-66.99418439865113,16.89888939857483
199,-274.3840909090909,7.196343898773193,0.7939416766166687,1.153612732887268,0,0.7738623023033142,0.09574224799871445,0.07255017757415771,0.05337393283843994,0.004471377469599247,62.00846862792969,46.96504592895508,44.871952056884766,42.63823699951172,24.535633087158203,2.0290171626736138,-68.52047157287598,14.660691268303815
200,-293.75909090909096,7.003637790679932,0.8230014443397522,1.092042088508606,0,0.7609577775001526,0.10498202592134476,0.07331883162260056,0.05594562739133835,0.004795717541128397,60.861846923828125,47.09688949584961,44.527687072753906,42.618812561035156,25.33618927001953,1.8927501690387727,-67.19207746505737,16.61701663851738
201,-271.9007042253522,6.93798303604126,0.8123973608016968,1.150533676147461,0,0.7651877999305725,0.10192787647247314,0.07540412992238998,0.0529879592359066,0.004492180421948433,60.173614501953125,46.168460845947266,43.916996002197266,41.516658782958984,24.00339698791504,1.9615006491541862,-66.2280524635315,18.20673340678215
202,-82.72272727272724,6.95675802230835,0.7764353156089783,1.064906358718872,0,0.7794867753982544,0.09695106744766235,0.07051905989646912,0.049414847046136856,0.00362820434384048,61.30512619018555,46.75544738769531,44.45490264892578,41.9502067565918,23.55289649963379,1.8998765707015992,-65.37770729064941,17.787183429002763
203,-386.36666666666633,6.9980549812316895,0.81705641746521,1.1363153457641602,0,0.7634129524230957,0.09989623725414276,0.07699556648731232,0.055502936244010925,0.004192395135760307,59.836666107177734,45.572853088378906,43.628082275390625,41.354530334472656,22.98243522644043,1.9205836907029152,-65.5740657043457,17.014331459999084
204,-127.38521126760556,7.128816604614258,0.7838252186775208,1.1175552606582642,0,0.7776368856430054,0.09797214716672897,0.06789658218622208,0.05200003832578659,0.004494375549256802,60.344512939453125,45.62014389038086,42.9132080078125,41.01512908935547,23.414968490600586,1.9455297273397445,-65.03041807174682,16.76084546804428
205,-207.9727272727273,7.078681468963623,0.8344929814338684,1.0954676866531372,0,0.756375253200531,0.1060437485575676,0.07764241099357605,0.05450311675667763,0.005435449071228504,59.55726623535156,45.54392623901367,43.22715377807617,40.70110321044922,24.111892700195312,1.9506923332810402,-64.50917207717896,16.028176050186158
206,-612.1612676056341,7.160790920257568,0.8519615530967712,1.1508913040161133,0,0.750535786151886,0.10339190065860748,0.08126818388700485,0.05851207301020622,0.006292035337537527,59.14295959472656,45.00212860107422,43.1998291015625,40.8166618347168,24.713359832763672,1.929845222234726,-65.31228172302247,14.48876713871956
207,-395.7840909090909,7.129885673522949,0.8245318531990051,1.1766446828842163,0,0.7609885931015015,0.10336468368768692,0.07502589374780655,0.05537315085530281,0.005247689317911863,59.32927322387695,45.152191162109375,42.81288146972656,40.65205383300781,23.69307518005371,1.8580617112357443,-64.65768009278833,17.39168536372301
208,-198.17619047619027,7.296632289886475,0.8211600184440613,1.1475409269332886,0,0.7640859484672546,0.09673359245061874,0.07655669748783112,0.056799162179231644,0.0058244927786290646,60.16001510620117,45.07004928588867,43.3671989440918,41.1497802734375,24.439245223999023,1.9303493145108224,-65.16856473922729,18.048813376426697
209,3.9619718309859024,7.184969902038574,0.8671207427978516,1.1352334022521973,0,0.7419215440750122,0.10652489215135574,0.089508056640625,0.0565357431769371,0.005509734153747559,59.27814483642578,45.37907409667969,44.07981491088867,40.70558547973633,23.811466217041016,1.946525562107563,-65.60685544967652,16.393866118192673
210,-193.55238095238118,7.041922092437744,0.8610894680023193,1.1575956344604492,0,0.7435863018035889,0.10906996577978134,0.08489983528852463,0.05779849737882614,0.004645484499633312,59.09490966796875,45.66020584106445,43.88462829589844,41.129886627197266,23.211669921875,1.8845570966601373,-65.42736518859863,15.182818293571472
211,-441.0119047619048,6.883063793182373,0.84011310338974,1.1733675003051758,0,0.7537557482719421,0.10428517311811447,0.08225185424089432,0.05455315485596657,0.005154113285243511,58.156192779541016,44.53782653808594,42.8028564453125,40.00095748901367,23.58266258239746,1.9975878995656968,-63.707755451202395,17.690121357440947
212,-74.36136363636362,6.879176139831543,0.8613917827606201,1.0818389654159546,0,0.7451648116111755,0.1045440211892128,0.0871126726269722,0.05752553418278694,0.005652918014675379,57.463871002197266,43.916690826416016,42.59992218017578,39.76042938232422,23.556785583496094,1.899802343249321,-62.99168481826782,17.06236049413681
213,-243.3545454545456,6.907938003540039,0.858272910118103,1.113211750984192,0,0.7464715838432312,0.10211106389760971,0.08744318783283234,0.058763857930898666,0.005210346542298794,57.17778015136719,43.45759582519531,42.323944091796875,39.592811584472656,22.558382034301758,1.9249294865131379,-62.81576637268066,16.66190537571907
214,11.66363636363642,6.895909309387207,0.8808355331420898,1.0788679122924805,0,0.7350760102272034,0.11139041185379028,0.08637882769107819,0.06238475814461708,0.004769983235746622,56.994022369384766,44.0398063659668,42.195068359375,39.91535568237305,21.9534912109375,1.9661078178882598,-62.83476110458374,15.232121797800064
215,-160.44318181818173,6.788123607635498,0.8506072163581848,1.09283447265625,0,0.7499114274978638,0.10232168436050415,0.07606406509876251,0.06727469712495804,0.0044281454756855965,57.79942321777344,44.27668380737305,42.1810302734375,41.3665771484375,22.744407653808594,1.9102639120817184,-61.818366508483884,16.306807985305785
216,-156.83571428571437,6.701872825622559,0.878592312335968,1.1549464464187622,0,0.7358388900756836,0.11294083297252655,0.08191947638988495,0.06481485813856125,0.004485951736569405,57.2294807434082,44.63037109375,42.413963317871094,40.86909866333008,22.767446517944336,1.9376918253302575,-62.51987655639648,14.295898777246475
217,-181.40140845070414,6.5836262702941895,0.8734251856803894,1.1411956548690796,0,0.7380217909812927,0.11108192056417465,0.08391060680150986,0.06262984871864319,0.00435571139678359,55.98368835449219,43.52054214477539,41.56187057495117,39.64851760864258,21.895980834960938,1.9385452806949615,-61.00192802429199,18.212274235486984
218,-166.3590909090909,6.520322799682617,0.8592649102210999,1.0937384366989136,0,0.7432260513305664,0.11125942319631577,0.08047693967819214,0.06145181879401207,0.0035857874900102615,56.299869537353516,43.9566764831543,41.8242073059082,40.06028747558594,21.45744514465332,1.9173112300038337,-60.01406089782715,15.883105624914169
219,-202.80985915492968,6.69320821762085,0.8054051399230957,1.1529937982559204,0,0.7680019736289978,0.0962333232164383,0.07331754267215729,0.05924452096223831,0.003202691674232483,57.0845947265625,43.18373489379883,41.38299560546875,39.95676040649414,20.435033798217773,1.9477206179499627,-60.758799438476565,15.496041287183761
220,-165.10238095238103,6.983741760253906,0.8404130339622498,1.161083459854126,0,0.7532942295074463,0.10347267240285873,0.07507900893688202,0.06429563462734222,0.00385839631780982,57.13982009887695,43.27703857421875,40.97856521606445,39.93130874633789,20.110698699951172,1.9232038655877113,-61.22603748321533,16.1246755361557
221,-24.248591549295732,6.9184088706970215,0.8765965104103088,1.1438335180282593,0,0.7366815209388733,0.11058000475168228,0.08079900592565536,0.06797108054161072,0.003968357108533382,56.910194396972656,43.64303970336914,41.413909912109375,40.21144485473633,20.38322639465332,1.9029703730344771,-61.00690996170044,17.178977539539336
222,-378.67954545454535,6.9577107429504395,0.8912772536277771,1.1122645139694214,0,0.7290423512458801,0.11902961879968643,0.08079004287719727,0.06682982295751572,0.004308065865188837,55.9849739074707,43.360572814941406,40.6059684753418,39.28486633300781,20.012441635131836,1.9517765134572982,-61.05921606063843,17.008225824832916
223,-213.94761904761913,6.898853302001953,0.8393317461013794,1.153895378112793,0,0.7532259225845337,0.10763917863368988,0.07204698026180267,0.06307940185070038,0.004008488729596138,56.045352935791016,42.5477409362793,39.71795654296875,38.798545837402344,19.467456817626953,1.912010733783245,-59.455493183135985,18.20428454399109
224,-151.25,6.935053825378418,0.876954972743988,1.1187469959259033,0,0.7347627878189087,0.12054239958524704,0.07848561555147171,0.06188810244202614,0.004321089014410973,55.511417388916016,42.999420166015625,40.00380325317383,38.3522834777832,19.787229537963867,1.9561031615734101,-59.92101530075073,16.98203558206558
225,-422.3359154929575,6.959653854370117,0.8792661428451538,1.1395132541656494,0,0.7338877320289612,0.11920268088579178,0.08063087612390518,0.06203268840909004,0.004246079362928867,55.3142204284668,42.63560485839844,39.872371673583984,38.01286315917969,19.173076629638672,1.907893914282322,-60.09129596710205,15.984728245735168
226,-706.5954545454547,6.910041332244873,0.9288061857223511,1.201520323753357,0,0.708827793598175,0.1339907944202423,0.0836368277668953,0.0693516880273819,0.004192968364804983,54.289772033691406,42.85035705566406,39.470558166503906,38.208465576171875,18.669780731201172,1.889858317375183,-59.329627521221454,15.591616740593544
227,-541.6119047619048,6.788089275360107,0.8692589998245239,1.1844264268875122,0,0.7375691533088684,0.11956119537353516,0.07293828576803207,0.0664592757821083,0.0034720555413514376,55.7636604309082,43.433170318603516,39.9904899597168,39.39476013183594,19.198381423950195,1.9361991395678702,-59.544619137727764,15.668173903151404
228,-6.879545454545465,6.84826135635376,0.8852338194847107,1.0649513006210327,0,0.7287164926528931,0.12837930023670197,0.07159131020307541,0.06780068576335907,0.0035121904220432043,56.21800994873047,44.31361770629883,40.28657531738281,39.901798248291016,19.558969497680664,1.9076866471767426,-60.07072845458984,16.43606081366539
229,-243.2522727272728,6.651055335998535,0.9131137132644653,1.1061416864395142,0,0.7166348695755005,0.12601929903030396,0.0811193659901619,0.0730053037405014,0.003221201943233609,54.83976745605469,43.290870666503906,40.326480865478516,39.63240051269531,18.84400749206543,1.9511712965369226,-59.50709600448609,16.577505518198013
230,-407.50681818181806,6.69191837310791,0.8830534219741821,1.1041680574417114,0,0.7317399382591248,0.11612848192453384,0.0815323069691658,0.06742233783006668,0.003176880069077015,55.919898986816406,43.51565933227539,41.07919692993164,39.797096252441406,19.12445068359375,1.893548075196355,-59.53272076540215,15.860320961752603
231,-113.19545454545457,6.754424571990967,0.8767386674880981,1.0804564952850342,0,0.7349830865859985,0.11561139672994614,0.07784104347229004,0.06821135431528091,0.003353080479428172,55.51667404174805,43.1002197265625,40.372413635253906,39.4859504699707,18.93907356262207,1.9420121464133262,-59.474893493652345,15.060761470794677
232,-171.08095238095245,6.839637279510498,0.8980525732040405,1.143115758895874,0,0.7248044013977051,0.11764778941869736,0.08720661699771881,0.06696482002735138,0.003376389853656292,56.02193832397461,43.56600570678711,41.49258041381836,39.6404914855957,19.08904266357422,1.908768680691719,-59.6155668258667,14.321301801204681
233,-651.4642857142859,6.805664539337158,0.9309867024421692,1.1746740341186523,0,0.7080469131469727,0.12553898990154266,0.09417594224214554,0.06884114444255829,0.0033969932701438665,55.03889083862305,43.3000373840332,41.34517288208008,39.212188720703125,18.611331939697266,1.920007842936014,-59.81366501356426,16.32006666221117
234,-625.7659090909092,6.61004114151001,0.9321801066398621,1.1283570528030396,0,0.7080221176147461,0.12261204421520233,0.09505520015954971,0.07100468128919601,0.003305917838588357,54.37874221801758,42.828250885009766,41.12277603149414,39.22570037841797,18.83125114440918,1.920501281029333,-59.11576205460483,17.220440602176403
235,-330.3428571428571,6.625636100769043,0.8675161600112915,1.1820124387741089,0,0.7391006946563721,0.11005347222089767,0.08486934751272202,0.06287529319524765,0.003101199632510543,55.317970275878906,42.77408218383789,41.06585693359375,39.07143783569336,19.129825592041016,1.9413157532913516,-58.4557446951818,15.920672327581078
236,-154.82394366197184,6.618367671966553,0.9552682638168335,1.1221210956573486,0,0.6982974410057068,0.12080924957990646,0.09690187871456146,0.0803651288151741,0.003626300022006035,53.487152099609375,41.96376419067383,40.48490524291992,39.231536865234375,18.493873596191406,1.977230553328991,-58.240995197296144,16.77405713200569
237,-283.81818181818187,6.75583553314209,0.941209077835083,1.0873185396194458,0,0.7059975862503052,0.11489562690258026,0.09111649543046951,0.08450311422348022,0.0034871939569711685,54.934654235839844,42.68120193481445,41.0679931640625,40.59245300292969,18.833574295043945,1.901781801879406,-59.4156840133667,14.271316622495652
238,-138.16338028169014,6.612573146820068,0.9333481788635254,1.1614742279052734,0,0.7098050117492676,0.11229027807712555,0.08888158947229385,0.08574413508176804,0.003278902731835842,53.890357971191406,41.613643646240234,40.0780143737793,39.81447982788086,18.233797073364258,1.9619490087032319,-58.2152862739563,16.02521447658539
239,-454.96818181818185,6.742548942565918,0.9751405715942383,1.1069306135177612,0,0.6899355053901672,0.11823540180921555,0.09790103137493134,0.08979148417711258,0.004136528819799423,53.70656204223633,41.76046371459961,40.42754364013672,39.864402770996094,18.795333862304688,1.9526580470065549,-58.52911256764033,15.839025703195023
240,-160.593181818182,6.726062297821045,0.9487212300300598,1.0757125616073608,0,0.7017858028411865,0.11924056708812714,0.09458213299512863,0.08077504485845566,0.0036164340563118458,53.72200012207031,41.87215042114258,40.34135818481445,39.25629806518555,18.225223541259766,1.9930351704359055,-58.49636714935303,16.997998232841493
241,-207.8788732394366,6.8728179931640625,0.8966562747955322,1.1224788427352905,0,0.7280789017677307,0.1065567284822464,0.08574211597442627,0.07593940198421478,0.003682805923745036,55.5770149230957,42.350616455078125,40.8111686706543,39.97900390625,19.031843185424805,1.9431389206647873,-58.38470176696777,15.725310127735138
242,-246.10985915492955,7.081805229187012,0.9328925609588623,1.1187189817428589,0,0.71040278673172,0.11629880219697952,0.09428516030311584,0.07475914061069489,0.004254182800650597,54.99067306518555,42.16858673095703,40.64958572387695,39.00071334838867,18.510669708251953,1.9146339318156242,-59.639102382659914,16.261752638816834
243,-237.26590909090922,7.1002631187438965,0.9778574109077454,1.0985569953918457,0,0.6866415739059448,0.13043829798698425,0.09994792193174362,0.07853648066520691,0.004435722716152668,54.372859954833984,42.60280227661133,40.64373016357422,38.919918060302734,18.37347984313965,2.0101127314567564,-60.197122993469236,16.673418636322022
244,-86.665909090909,6.949779033660889,0.9867033362388611,1.0892516374588013,0,0.6813963055610657,0.1363012194633484,0.09933760017156601,0.07837080955505371,0.004594033118337393,53.22755813598633,42.033287048339844,39.806339263916016,38.14895248413086,18.270801544189453,1.9974537253379823,-58.931421775817874,17.79316243171692
245,-280.42499999999995,7.04737663269043,0.9164472818374634,1.1157292127609253,0,0.716684103012085,0.11970693618059158,0.08984585106372833,0.07001768797636032,0.0037455277051776648,55.51399230957031,42.924530029296875,40.88796615600586,39.12789535522461,18.366647720336914,1.9023612186312675,-58.72844598770141,14.36976363658905
246,-49.82142857142856,7.2639055252075195,0.9573034644126892,1.1521846055984497,0,0.6978919506072998,0.12397415935993195,0.09653054922819138,0.07714603841304779,0.004457388538867235,55.08964538574219,42.48332977294922,40.687217712402344,39.03618621826172,18.171234130859375,1.962983900308609,-59.84133136749268,16.21669727563858
247,-335.6422535211268,7.211202621459961,0.9387276768684387,1.145076036453247,0,0.7063279747962952,0.1227819100022316,0.09373906254768372,0.07303236424922943,0.004118721000850201,55.58978271484375,43.15791320800781,41.20987319946289,39.41789627075195,18.712587356567383,1.953086284995079,-60.03434617996216,16.147479186058046
248,-212.852380952381,7.055654525756836,0.9732536673545837,1.1673518419265747,0,0.6879881620407104,0.1340900957584381,0.09897597134113312,0.07447591423988342,0.0044698528945446014,54.41775131225586,42.8426399230957,40.67586898803711,38.70331954956055,18.65642547607422,1.9699237731099128,-59.03001960754395,16.419570761919022
249,-276.58571428571406,6.94379997253418,0.9611833691596985,1.1641082763671875,0,0.6948218941688538,0.13023211061954498,0.09407119452953339,0.07651104778051376,0.0043637994676828384,54.3167610168457,42.681968688964844,40.42530059814453,38.97932815551758,19.024385452270508,1.9318897920846938,-58.312607498168944,16.81938308596611
250,-240.72857142857129,6.917002201080322,0.9732232093811035,1.158654808998108,0,0.690449059009552,0.12575414776802063,0.09895950555801392,0.08000556379556656,0.0048317089676856995,53.07167434692383,41.29927444458008,39.638492584228516,38.136695861816406,18.598691940307617,1.9830667617917062,-57.26602933883667,17.7444983959198
251,-164.51197183098583,7.165878772735596,0.9548963904380798,1.1247025728225708,0,0.7006186246871948,0.11475324630737305,0.10395407676696777,0.07566572725772858,0.00500825559720397,54.425140380859375,41.465091705322266,40.754947662353516,38.45997619628906,18.8382568359375,1.9267962038517,-58.22417818069458,13.396804720163345
252,-48.04761904761901,7.1279377937316895,1.0007799863815308,1.1559234857559204,0,0.6768737435340881,0.1263197958469391,0.10848182439804077,0.08305280655622482,0.005271849688142538,53.724552154541016,41.754581451416016,40.64139938354492,38.75984573364258,18.94628143310547,1.9991983622312546,-58.80568675994873,15.097520595788955
253,-216.51428571428573,7.000905513763428,1.0265264511108398,1.1601964235305786,0,0.6613391637802124,0.13344812393188477,0.11297427117824554,0.08769442141056061,0.004543936811387539,53.957069396972656,42.80265808105469,41.59711837768555,39.82444381713867,18.806398391723633,1.9857897517085075,-58.81197015762329,13.80678655743599
254,-253.20476190476165,6.7528076171875,1.041482925415039,1.159535527229309,0,0.6522766351699829,0.13687025010585785,0.11586583405733109,0.09077310562133789,0.0042141941376030445,52.93692398071289,42.34688949584961,41.20317840576172,39.577091217041016,18.57373046875,1.953937354385853,-57.812100868225095,15.721200219392777
255,-195.91818181818184,6.68919038772583,1.0473240613937378,1.0982797145843506,0,0.6478862166404724,0.14147329330444336,0.11275889724493027,0.09414370357990265,0.0037379132118076086,53.117828369140625,42.92381286621094,41.380882263183594,40.173255920410156,18.354768753051758,1.921452495753765,-58.00996259689331,14.954882607460021
256,-267.7166666666666,6.668778896331787,1.0197725296020508,1.152712106704712,0,0.6631132364273071,0.13855229318141937,0.10471691191196442,0.08994894474744797,0.003668609308078885,53.2370491027832,42.8261833190918,40.93610763549805,39.929168701171875,18.381603240966797,1.9719006714224816,-57.531251430511475,16.356573123931884
257,-229.6647887323943,6.895044326782227,0.962104320526123,1.1071139574050903,0,0.6945981383323669,0.12254658341407776,0.09430423378944397,0.08516180515289307,0.003389290301129222,54.29057312011719,42.28469467163086,40.4641227722168,39.79293441772461,17.360136032104492,1.9210244610905647,-57.85710784912109,17.85597066640854
258,-130.2977272727273,7.009753704071045,0.9940662384033203,1.0708943605422974,0,0.6779655814170837,0.12961117923259735,0.10156998038291931,0.08712957799434662,0.003723659785464406,55.031105041503906,43.43663787841797,41.655086517333984,40.629398345947266,18.136064529418945,1.915692605674267,-58.2622074508667,14.68845228433609
259,-172.50476190476195,6.954391002655029,0.9993464946746826,1.1640212535858154,0,0.6746002435684204,0.13234271109104156,0.10387785732746124,0.08548957109451294,0.0036896748933941126,54.1270637512207,42.78459548950195,41.111568450927734,39.730159759521484,17.737035751342773,1.9470270416140556,-58.267626724243165,15.885804541110993
260,-624.604761904762,7.093940258026123,1.00103759765625,1.1675571203231812,0,0.6744634509086609,0.13129274547100067,0.10603626817464828,0.08406109362840652,0.004146539606153965,54.32105255126953,42.7239990234375,41.21260070800781,39.54355239868164,18.07257080078125,1.9043191146444192,-58.409399314360186,14.875797580588948
261,-189.0931818181817,7.2224345207214355,1.0157544612884521,1.0775128602981567,0,0.6663129925727844,0.13648806512355804,0.10588622093200684,0.08708910644054413,0.00422360934317112,55.52102279663086,44.04743957519531,42.199378967285156,40.803627014160156,18.746353149414062,1.9565802732110023,-59.07525798797607,13.984499920606613
262,-286.0204545454544,7.054311752319336,1.062197208404541,1.1179548501968384,0,0.6361091732978821,0.158899188041687,0.10921742022037506,0.09208796173334122,0.0036862846463918686,54.4996337890625,44.73979949951172,42.07339859008789,40.86330032348633,18.05721092224121,1.940388487279415,-59.50312196731567,15.319115883111953
263,-141.24772727272725,6.889810562133789,1.0430850982666016,1.0973596572875977,0,0.6462544798851013,0.15900832414627075,0.10332328826189041,0.08776029199361801,0.0036536366678774357,53.646324157714844,44.009124755859375,40.97267150878906,39.82848358154297,17.71384620666504,1.8908887284994125,-58.67031744003296,16.073606808185577
264,-28.934090909090813,6.799968242645264,1.041743278503418,1.0737178325653076,0,0.6458698511123657,0.1590695083141327,0.10357902944087982,0.08844835311174393,0.003033161861822009,53.57929611206055,44.025726318359375,41.092742919921875,40.011268615722656,16.843656539916992,1.960134165585041,-57.335280914306644,15.866316258907318
265,-283.0022727272727,6.868072032928467,1.0638766288757324,1.1112568378448486,0,0.6313880681991577,0.16823023557662964,0.1101381778717041,0.08709420263767242,0.0031493250280618668,53.529052734375,44.36717987060547,41.442054748535156,39.79257583618164,16.882183074951172,1.9466753043234348,-58.04145672917366,14.92842823266983
266,-177.30070422535206,6.976439952850342,1.0478367805480957,1.1172022819519043,0,0.6419789791107178,0.1612594872713089,0.10933766514062881,0.08413770794868469,0.0032861812505871058,54.625911712646484,45.033042907714844,42.253875732421875,40.43372344970703,17.656761169433594,1.9673740002512932,-58.57879446029663,13.352885593175888
267,-164.21904761904767,6.906846046447754,1.0778279304504395,1.1464605331420898,0,0.6270884275436401,0.1583765745162964,0.12050527334213257,0.09019120782613754,0.003838479518890381,53.656280517578125,44.18923568725586,42.24960708618164,40.25935745239258,18.213565826416016,1.9602478635311127,-59.38933723449707,14.347045937776565
268,-144.7090909090909,6.9557785987854,1.0419617891311646,1.0792267322540283,0,0.6508321166038513,0.13943496346473694,0.11852400004863739,0.08716939389705658,0.004039587918668985,53.757991790771484,43.04884719848633,41.90699005126953,39.77507781982422,18.24017906188965,1.9918484625220299,-58.15181861877441,15.103460733890534
269,-179.62045454545455,7.0646538734436035,1.040673851966858,1.0677090883255005,0,0.6503684520721436,0.13776566088199615,0.12376010417938232,0.08445973694324493,0.003646079683676362,55.069541931152344,44.06264114379883,43.25553894042969,40.5704460144043,18.153060913085938,2.009408637881279,-59.26664873123169,13.715823323726655
270,-126.82272727272726,7.064936637878418,1.0695993900299072,1.087164282798767,0,0.6321000456809998,0.14899812638759613,0.12970703840255737,0.08546746522188187,0.003727306379005313,54.200435638427734,44.02164840698242,43.01725387573242,40.05850601196289,17.67947006225586,1.9729381123185157,-59.01972063064575,15.057609207630158
271,-141.91619718309857,6.955904960632324,1.0488413572311401,1.1348936557769775,0,0.6437995433807373,0.14169304072856903,0.12691070139408112,0.08456550538539886,0.0030311825685203075,55.170143127441406,44.72248458862305,43.93965148925781,41.116737365722656,17.747148513793945,1.9670332098007202,-59.04405225753784,13.672045112848282
272,-132.4749999999999,6.902358055114746,1.1081479787826538,1.0908844470977783,0,0.6087847352027893,0.14526833593845367,0.1450851857662201,0.09762626141309738,0.0032354367431253195,53.997169494628906,44.09120178222656,44.06645202636719,41.337703704833984,17.428552627563477,1.918788233101368,-59.53587982177734,14.253494355678558
273,-159.02954545454534,6.859499931335449,1.0775363445281982,1.0838561058044434,0,0.6282527446746826,0.14187826216220856,0.13366378843784332,0.09294851124286652,0.0032567004673182964,54.120323181152344,43.93572998046875,43.48456954956055,41.0256462097168,17.877981185913086,1.8773112186789513,-58.6353010559082,14.574063444137574
274,-108.61190476190482,6.782390117645264,1.0907007455825806,1.1490721702575684,0,0.6176214218139648,0.14803414046764374,0.1429443657398224,0.08829755336046219,0.0031024899799376726,54.6547966003418,44.96730041503906,44.676490783691406,41.43052291870117,18.282669067382812,1.9371061551570892,-58.767169666290286,14.953980603218078
275,-302.82857142857137,6.516207218170166,1.0645428895950317,1.1603076457977295,0,0.633100688457489,0.14244507253170013,0.1363079696893692,0.08552003651857376,0.0026262260507792234,53.67424011230469,44.01685333251953,43.678321838378906,40.662818908691406,17.71170997619629,1.9251326882839204,-57.53197374343872,16.022762765884398
276,-153.40909090909088,6.567868232727051,1.0710902214050293,1.0897648334503174,0,0.629377543926239,0.14541134238243103,0.13902446627616882,0.08297426998615265,0.0032123825512826443,53.29996109008789,43.661781311035156,43.34208297729492,39.96269607543945,18.12799644470215,1.9428392904996872,-57.35655849456787,14.480092409849167
277,-142.28098591549292,6.721154689788818,1.0553194284439087,1.1192562580108643,0,0.6385905146598816,0.1434989869594574,0.13428977131843567,0.0805375874042511,0.0030831664334982634,55.225711822509766,45.20615768432617,44.73649215698242,41.29877853393555,19.14341926574707,1.8970684596896172,-58.04300968170166,11.925623944997788
278,-81.13802816901404,6.782383441925049,1.1164886951446533,1.1274659633636475,0,0.6012004613876343,0.16008500754833221,0.14515480399131775,0.08988460898399353,0.0036750854924321175,54.62247848510742,45.655181884765625,44.9738883972168,41.699222564697266,19.582080841064453,1.9428128132224083,-59.56523275375366,13.14664271235466
279,-212.1387323943661,6.7402753829956055,1.060202956199646,1.152237892150879,0,0.6345881223678589,0.14488430321216583,0.1388930380344391,0.07859070599079132,0.0030437768436968327,55.843135833740234,45.9372673034668,45.63595962524414,41.76858901977539,19.607715606689453,1.9580593797564507,-59.288215465545655,14.275572298765182
280,-317.50915492957756,6.876702308654785,1.065096139907837,1.1303592920303345,0,0.6324488520622253,0.14019660651683807,0.14437174797058105,0.07966729253530502,0.0033154606353491545,55.9219856262207,45.586647033691406,45.794952392578125,41.693233489990234,19.530364990234375,1.8893556237220763,-59.565303287506104,15.879667608737945
281,-462.20952380952383,6.949190616607666,1.0749976634979248,1.121009349822998,0,0.6264814734458923,0.1430625170469284,0.14384381473064423,0.08360698819160461,0.0030052000656723976,56.293514251708984,46.09424591064453,46.17670822143555,42.38583755493164,19.018360137939453,1.9070047661662102,-60.838706374168396,11.58883187174797
282,-116.24999999999997,6.901971340179443,1.156525731086731,1.1403547525405884,0,0.5713767409324646,0.174357071518898,0.15601705014705658,0.09497004747390747,0.0032790915574878454,54.68281936645508,46.484649658203125,45.760963439941406,42.282470703125,18.635799407958984,1.914197408258915,-60.75650650024414,14.799875599145889
283,-376.9598591549297,6.636252403259277,1.1379801034927368,1.1528429985046387,0,0.5842899680137634,0.16921767592430115,0.14984861016273499,0.09371666610240936,0.002927117981016636,53.49924087524414,45.30872344970703,44.48291778564453,41.34450149536133,17.99578094482422,1.8719726127386094,-59.04280933380127,15.604989045858384
284,-106.48409090909092,6.6815290451049805,1.1109033823013306,1.0586892366409302,0,0.6048204302787781,0.15935707092285156,0.140034019947052,0.09255412220954895,0.0032342474441975355,53.30067825317383,44.35730743408203,43.43911361694336,40.66835403442383,17.84575843811035,1.9876264226436615,-57.855034580230715,15.416182754039765
285,-115.01478873239432,6.7996296882629395,1.080925464630127,1.1314839124679565,0,0.6235471367835999,0.15926077961921692,0.12422429025173187,0.08978337049484253,0.003184420755133033,54.09553909301758,44.86243438720703,43.11875534057617,40.90361785888672,17.921964645385742,1.9257145375013351,-57.32070447921753,13.98748734474182
286,-197.47464788732393,6.702020645141602,1.1354572772979736,1.143344521522522,0,0.5857385396957397,0.17303887009620667,0.14767155051231384,0.0901843011379242,0.0033667441457509995,52.59614181518555,44.440311431884766,43.3346061706543,40.05952453613281,17.562042236328125,1.8919846060872079,-57.47635480880737,14.15744308590889
287,-252.07272727272732,6.684491157531738,1.0962514877319336,1.0853784084320068,0,0.6110468506813049,0.15113936364650726,0.15347538888454437,0.08118164539337158,0.00315669272094965,53.7252082824707,44.43409729003906,44.50896072387695,40.2485237121582,18.00056266784668,1.9077899166941643,-57.31484052658081,15.073894642591476
288,-6.216901408450688,6.797300815582275,1.0814391374588013,1.1044163703918457,0,0.6240035891532898,0.13591113686561584,0.14800426363945007,0.08899030089378357,0.0030907096806913614,54.59477996826172,44.340789794921875,44.898685455322266,41.47658157348633,18.504884719848633,1.9425854295492173,-58.13431987762451,14.325838084220885
289,23.247727272727314,6.823511123657227,1.1596318483352661,1.0675506591796875,0,0.5715433359146118,0.16345220804214478,0.16630564630031586,0.09463057667016983,0.004068222362548113,52.355438232421875,43.80719757080078,43.963768005371094,40.09007263183594,18.47737693786621,1.9424318653345107,-58.36430963516236,14.885618969202042
290,-94.91408450704222,6.7145304679870605,1.0871654748916626,1.1516364812850952,0,0.6219519376754761,0.1422310173511505,0.13866253197193146,0.09399159997701645,0.0031629197765141726,53.866905212402344,44.04043197631836,43.86274337768555,41.243934631347656,18.175559997558594,1.9791081896424294,-57.13572593688965,13.59175537109375
291,-148.3318181818183,6.899332523345947,1.1398746967315674,1.0899726152420044,0,0.5893741846084595,0.15182287991046906,0.15017209947109222,0.10490633547306061,0.003724516835063696,53.25495147705078,43.81715393066406,43.75735855102539,41.21883773803711,17.80649185180664,2.0259123864769935,-58.149098834991456,14.316329958438873
292,-270.5272727272727,6.7551679611206055,1.1402260065078735,1.0963119268417358,0,0.5879218578338623,0.15540161728858948,0.15131625533103943,0.10173293203115463,0.0036273461300879717,52.026084899902344,43.03091812133789,42.84524154663086,40.15229797363281,17.35031509399414,2.0051564767956735,-57.22124322891236,13.030183429718017
293,-108.2977272727273,6.862120151519775,1.0698689222335815,1.083244800567627,0,0.6324945688247681,0.13979917764663696,0.1363123655319214,0.0879216268658638,0.003472236916422844,53.629276275634766,43.21504211425781,43.025978088378906,40.019893646240234,17.473127365112305,1.9665842992067337,-56.92173246383667,13.401000458002091
294,-180.73521126760573,6.880992889404297,1.0925401449203491,1.1404719352722168,0,0.6195129752159119,0.1463567316532135,0.13609592616558075,0.09439992159605026,0.0036344602704048157,52.82352066040039,43.034950256347656,42.52312088012695,39.99489974975586,17.443296432495117,1.9552358227968216,-56.848724365234375,14.818476898670196
295,-122.54090909090908,6.856652736663818,1.07569420337677,1.088871717453003,0,0.6297058463096619,0.13983994722366333,0.13576513528823853,0.09116481989622116,0.0035242740996181965,53.53104019165039,43.15443420410156,43.0070915222168,40.284427642822266,17.731201171875,1.9515053769946098,-56.5230082321167,13.929070822000504
296,-13.329545454545453,6.917117118835449,1.1074289083480835,1.0865534543991089,0,0.6101807951927185,0.144095778465271,0.14287281036376953,0.09945730865001678,0.003393273102119565,53.54405212402344,43.5058708190918,43.493797302246094,40.95759201049805,17.242958068847656,1.9690722385048867,-56.72408880233765,14.281616483926774
297,-58.819047619047645,6.9778032302856445,1.0683698654174805,1.1321545839309692,0,0.6328331232070923,0.13785769045352936,0.13809499144554138,0.08802425861358643,0.0031898505985736847,55.43184280395508,44.843711853027344,44.84837341308594,41.71609115600586,18.332618713378906,1.865394574701786,-58.12550273895263,13.174166150093079
298,-302.05714285714305,6.965909481048584,1.1160327196121216,1.1547781229019165,0,0.6040865778923035,0.14343926310539246,0.14949308335781097,0.09962128847837448,0.003359786467626691,54.625728607177734,44.56321334838867,44.890655517578125,42.049346923828125,18.00387954711914,1.8954700323939324,-58.475334281921384,12.106027400493621
299,-148.19772727272724,6.9297637939453125,1.0920312404632568,1.0871405601501465,0,0.6205326914787292,0.13514204323291779,0.14160721004009247,0.09933067113161087,0.0033873841166496277,55.02107238769531,44.52199172973633,44.82600784301758,42.38039016723633,18.785696029663086,1.9303559347987176,-58.92431987762451,12.240068743228912
300,-48.02605633802817,6.973285675048828,1.1249157190322876,1.1183210611343384,0,0.6013286113739014,0.14017276465892792,0.14786328375339508,0.10656161606311798,0.004073731135576963,54.620849609375,44.387027740478516,44.786041259765625,42.473201751708984,19.129732131958008,1.9122347965836526,-59.07852745056152,12.27091510772705
