critic,actor
120.00088500976562,-0.07854823768138885
118.6634521484375,-0.0781523808836937
126.07640075683594,-0.07916148006916046
121.40155029296875,-0.09331333637237549
116.27572631835938,-0.08000516891479492
127.61433410644531,-0.08205515891313553
116.55752563476562,-0.08237209916114807
120.27854919433594,-0.08675606548786163
120.26460266113281,-0.0827837735414505
127.85037994384766,-0.07746905833482742
126.03665924072266,-0.08346613496541977
123.15988159179688,-0.0770438015460968
120.81633758544922,-0.07597627490758896
128.76031494140625,-0.09027526527643204
124.69925689697266,-0.09196160733699799
122.4062728881836,-0.08587386459112167
121.63340759277344,-0.09283053874969482
125.81575775146484,-0.08956242352724075
122.16673278808594,-0.10325214266777039
119.25,-0.09361588209867477
115.7008056640625,-0.07632336020469666
113.84182739257812,-0.0922502875328064
119.04042053222656,-0.08575998246669769
129.90638732910156,-0.10680587589740753
118.13611602783203,-0.08358187228441238
122.55657958984375,-0.08360248804092407
117.45512390136719,-0.07628589868545532
114.27787780761719,-0.09627549350261688
124.61305236816406,-0.06063555181026459
122.03523254394531,-0.08224285393953323
119.67205810546875,-0.08029907196760178
122.16498565673828,-0.09355594217777252
128.89703369140625,-0.07757791131734848
118.33106231689453,-0.0916212722659111
112.26708221435547,-0.09595365822315216
124.3748779296875,-0.09162204712629318
120.34002685546875,-0.08506571501493454
122.66017150878906,-0.08679787814617157
125.61526489257812,-0.08684057742357254
121.74070739746094,-0.09219992905855179
118.83668518066406,-0.1092468872666359
113.40853881835938,-0.09010499715805054
112.28011322021484,-0.1069028228521347
154.84056091308594,-0.056657008826732635
156.25303649902344,-0.10963547229766846
119.32046508789062,-0.07753130793571472
118.12144470214844,-0.09677252173423767
148.970458984375,-0.0844893753528595
164.34239196777344,-0.012908920645713806
125.7633056640625,-0.1024673581123352
129.53726196289062,-0.08779242634773254
127.24164581298828,-0.09929503500461578
155.20802307128906,-0.08777808398008347
118.42045593261719,-0.09426864981651306
127.64607238769531,-0.08408460766077042
120.62429809570312,-0.09252486377954483
179.1536102294922,-0.04580457881093025
146.39663696289062,-0.06492094695568085
116.38629150390625,-0.06049969792366028
157.86636352539062,-0.11083574593067169
184.20401000976562,-0.053860992193222046
117.904541015625,-0.11283643543720245
128.40969848632812,-0.08150380104780197
161.14340209960938,-0.042785532772541046
166.88803100585938,-0.06574732810258865
186.9608917236328,-0.06432119011878967
156.67140197753906,-0.07139965891838074
155.4577178955078,-0.07062162458896637
178.26808166503906,-0.07080912590026855
124.10015869140625,-0.11773953586816788
116.33140563964844,-0.09285010397434235
166.37611389160156,-0.08297369629144669
161.490478515625,-0.07546056807041168
155.05873107910156,-0.1166616752743721
158.6116485595703,-0.06945385038852692
169.4482421875,-0.07384191453456879
125.41809844970703,-0.10321445763111115
114.83816528320312,-0.07876358181238174
176.10202026367188,-0.04684867337346077
117.44987487792969,-0.09409894049167633
119.87676239013672,-0.09278175234794617
174.264404296875,-0.058648571372032166
157.37281799316406,-0.07095981389284134
179.80421447753906,-0.05190588906407356
141.56802368164062,-0.09226882457733154
164.860107421875,-0.07015912234783173
117.90788269042969,-0.07370521128177643
172.94122314453125,-0.11184673011302948
124.08908081054688,-0.05597606301307678
151.60227966308594,-0.10916993021965027
161.9564666748047,-0.06306806206703186
120.65213012695312,-0.11371994018554688
116.70733642578125,-0.09249619394540787
110.45240783691406,-0.09070876240730286
149.27896118164062,-0.041292980313301086
166.83106994628906,-0.0860820934176445
138.49835205078125,-0.08167491108179092
164.86141967773438,-0.06312046945095062
108.06665802001953,-0.09826114028692245
116.48692321777344,-0.0892762541770935
124.47531127929688,-0.09174328297376633
125.69076538085938,-0.0813165232539177
110.47164916992188,-0.07581322640180588
144.53404235839844,-0.0746229812502861
114.97808837890625,-0.1244577094912529
153.90145874023438,-0.0615631565451622
130.15084838867188,-0.06687092036008835
166.45172119140625,-0.09366778284311295
128.79148864746094,-0.1261254847049713
113.24954986572266,-0.06716547906398773
122.49029541015625,-0.08115506917238235
113.46586608886719,-0.06567815691232681
152.08799743652344,-0.10494308173656464
152.0285186767578,-0.08821231871843338
168.099365234375,-0.076869897544384
159.13296508789062,-0.08817324042320251
124.4093017578125,-0.09430240839719772
170.8844757080078,-0.08668121695518494
113.55023193359375,-0.085935577750206
147.45303344726562,-0.09335625171661377
128.54150390625,-0.08435449749231339
152.06573486328125,-0.09111020714044571
168.91619873046875,-0.09273381531238556
162.50726318359375,-0.0714966282248497
115.60089874267578,-0.08659970760345459
114.90526580810547,-0.0743655264377594
111.3672866821289,-0.07462463527917862
122.09989929199219,-0.09271717071533203
149.13722229003906,-0.08596346527338028
116.37834167480469,-0.08661951124668121
118.16338348388672,-0.08683580905199051
161.5771026611328,-0.08897651731967926
123.3830337524414,-0.095949187874794
165.1855010986328,-0.10150185972452164
129.5717315673828,-0.12222619354724884
117.2474365234375,-0.1021290048956871
149.07125854492188,-0.07954762130975723
109.37422943115234,-0.08141350746154785
153.42901611328125,-0.07020747661590576
157.59327697753906,-0.07471916079521179
148.68618774414062,-0.05403192341327667
158.94125366210938,-0.10442809760570526
121.32849884033203,-0.09783385694026947
126.88641357421875,-0.10137821733951569
163.1825714111328,-0.11144807189702988
126.33106231689453,-0.07101790606975555
148.3896026611328,-0.09560798108577728
168.3127899169922,-0.10900377482175827
118.85081481933594,-0.06555785238742828
132.2773895263672,-0.12076157331466675
157.5428924560547,-0.06603965163230896
119.33621215820312,-0.08061733841896057
146.4050750732422,-0.1000659391283989
150.05677795410156,-0.10428376495838165
115.02264404296875,-0.059042494744062424
156.578369140625,-0.12885266542434692
126.59072875976562,-0.07342749089002609
127.18602752685547,-0.08874985575675964
170.5852508544922,-0.09600508958101273
176.6285858154297,-0.10559265315532684
127.1466293334961,-0.1384357511997223
128.4375762939453,-0.10598567873239517
121.9103012084961,-0.1002918928861618
164.89576721191406,-0.03709462285041809
116.74427795410156,-0.09159154444932938
170.65896606445312,-0.0877055823802948
124.1554183959961,-0.11681719869375229
119.85858154296875,-0.1545775979757309
123.57640075683594,-0.09393944591283798
117.83800506591797,-0.10742899775505066
174.96824645996094,-0.12041781842708588
110.07087707519531,-0.15423336625099182
147.23023986816406,-0.07572663575410843
120.05654907226562,-0.04409008100628853
149.53756713867188,-0.1477469801902771
155.21841430664062,-0.120513416826725
163.5672607421875,-0.06091487035155296
173.92578125,-0.057483892887830734
121.1524887084961,-0.12950176000595093
159.55630493164062,-0.09298647940158844
167.812744140625,-0.09768885374069214
154.0607452392578,-0.11004438251256943
125.63722229003906,-0.12617528438568115
114.49433135986328,-0.0772959440946579
173.7046356201172,-0.07039811462163925
121.89582061767578,-0.1014304906129837
131.9010009765625,-0.09063836932182312
147.65248107910156,-0.09132804721593857
121.82974243164062,-0.07458974421024323
158.30738830566406,-0.158547043800354
175.9927215576172,-0.0901893898844719
127.38514709472656,-0.09973999112844467
173.57003784179688,-0.182527095079422
120.78518676757812,-0.10250931978225708
112.77992248535156,-0.11052895337343216
119.13768005371094,-0.08743792027235031
115.6575698852539,-0.11297979950904846
122.09669494628906,-0.08549929410219193
112.80032348632812,-0.09112480282783508
160.63954162597656,-0.16403234004974365
115.3021240234375,-0.08892420679330826
156.37258911132812,-0.045688364654779434
124.97074890136719,-0.062496624886989594
122.26915740966797,-0.06785961240530014
112.96595764160156,-0.14320015907287598
176.9613037109375,-0.13640862703323364
118.56550598144531,-0.1222119852900505
179.53623962402344,-0.12404391169548035
114.7879638671875,-0.11877824366092682
145.4968719482422,-0.06945804506540298
125.76719665527344,-0.05265933647751808
108.56364440917969,-0.029141686856746674
119.68255615234375,-0.09092481434345245
130.5467071533203,-0.02192739024758339
143.24305725097656,-0.16087430715560913
125.43003845214844,-0.13945287466049194
169.52842712402344,-0.09972964227199554
120.8608627319336,-0.15854011476039886
160.91519165039062,-0.07474993169307709
124.1761474609375,-0.10035932809114456
134.78750610351562,-0.08135437965393066
160.29151916503906,-0.15704771876335144
121.80105590820312,-0.12519845366477966
164.64654541015625,-0.14460262656211853
120.33421325683594,-0.0474126860499382
171.64254760742188,-0.12400653958320618
179.3764190673828,-0.1289585828781128
160.89947509765625,-0.10285064578056335
154.28717041015625,-0.16773170232772827
159.34341430664062,-0.16036972403526306
168.034912109375,-0.06999052315950394
119.57891845703125,-0.031822122633457184
147.94773864746094,-0.1128171756863594
158.45909118652344,-0.13190023601055145
168.7611541748047,-0.085311159491539
150.57711791992188,-0.16376017034053802
165.1540985107422,-0.048516564071178436
149.75730895996094,-0.13588394224643707
167.51158142089844,-0.11728997528553009
118.1672592163086,-0.035648733377456665
127.24998474121094,-0.08129531145095825
113.76527404785156,-0.10715939849615097
125.21453857421875,-0.08447319269180298
150.08212280273438,-0.06053170934319496
148.08734130859375,-0.1095767542719841
119.29644775390625,-0.04472643882036209
155.81002807617188,-0.06390458345413208
132.23583984375,0.01615559309720993
177.84938049316406,-0.09274301677942276
171.8928680419922,-0.07166138291358948
145.27882385253906,-0.20036619901657104
127.37903594970703,-0.06466639041900635
170.45558166503906,-0.0877295508980751
124.2044677734375,-0.07528530806303024
127.33097839355469,-0.05190517008304596
167.76942443847656,-0.16112196445465088
163.7769012451172,-0.0995083749294281
169.68414306640625,-0.19971194863319397
152.3727264404297,-0.09914689511060715
114.77365112304688,0.04674840718507767
148.48745727539062,-0.07050832360982895
152.0933837890625,-0.09470053017139435
155.97056579589844,-0.16444924473762512
165.78509521484375,-0.08936060220003128
153.7697296142578,-0.1106097549200058
134.60726928710938,-0.0046081095933914185
131.7301483154297,-0.09587852656841278
144.7003173828125,-0.07843320816755295
132.86148071289062,-0.135714590549469
131.70155334472656,-0.048795074224472046
159.92520141601562,-0.13909584283828735
133.5039825439453,-0.009439565241336823
142.83529663085938,-0.1924271285533905
156.44342041015625,-0.10376279056072235
142.99905395507812,-0.1324252486228943
149.35958862304688,-0.005901157855987549
147.13381958007812,-0.051593951880931854
149.90939331054688,-0.08648083359003067
158.01959228515625,-0.018003791570663452
149.39373779296875,-0.05057690292596817
138.59124755859375,0.0028137564659118652
148.9007568359375,-0.05198376253247261
158.12374877929688,-0.14437201619148254
135.1021728515625,-0.09350913763046265
148.996826171875,-0.15935391187667847
137.28732299804688,-0.0021577030420303345
158.79998779296875,-0.030697159469127655
125.58751678466797,-0.0942952111363411
147.85211181640625,-0.10311543196439743
155.1454620361328,-0.14641311764717102
158.3691864013672,0.020172975957393646
137.8162078857422,-0.20895880460739136
142.03697204589844,-0.18795771896839142
136.32949829101562,-0.0762861967086792
136.17889404296875,-0.015710987150669098
162.14332580566406,-0.1289386749267578
133.4220428466797,-0.12890025973320007
133.69232177734375,-0.10164635628461838
141.95205688476562,-0.06763549149036407
143.2111053466797,-0.03836694359779358
148.69564819335938,-0.09618508070707321
146.392822265625,-0.0655481219291687
140.0621337890625,-0.1150759905576706
173.3551025390625,-0.1330118477344513
147.92161560058594,-0.11934055387973785
157.27218627929688,-0.23003175854682922
135.55845642089844,-0.049924902617931366
148.4657440185547,-0.12102648615837097
135.65518188476562,-0.03048073872923851
167.45736694335938,-0.042547885328531265
144.21844482421875,-0.1237097904086113
152.29844665527344,-0.28312429785728455
149.2545166015625,-0.02885204553604126
133.5152130126953,-0.049611836671829224
158.7740478515625,-0.06648950278759003
150.0161895751953,-0.07644662261009216
163.38771057128906,-0.07399317622184753
149.9678955078125,-0.04353184998035431
146.67494201660156,-0.03295738995075226
143.44918823242188,-0.05659998953342438
153.9249725341797,-0.16250133514404297
148.81455993652344,-0.08986131101846695
150.18795776367188,-0.12016667425632477
148.52020263671875,-0.08100786060094833
156.7558135986328,-0.14908942580223083
148.35340881347656,-0.07146737724542618
167.12933349609375,-0.25896191596984863
159.3141326904297,-0.13139280676841736
151.09820556640625,-0.14152437448501587
140.23443603515625,-0.05615953356027603
141.4678497314453,-0.12453705072402954
149.74813842773438,-0.12227776646614075
155.9566192626953,-0.2524576783180237
158.01129150390625,-0.14627130329608917
138.65235900878906,-0.13973137736320496
139.01516723632812,-0.0665416568517685
141.90164184570312,-0.1974351853132248
150.16221618652344,-0.04454851895570755
147.75344848632812,-0.13880905508995056
146.16351318359375,-0.1193544790148735
153.45301818847656,-0.18178310990333557
166.00686645507812,-0.11930125951766968
138.61312866210938,-0.1021219789981842
156.1759490966797,0.009291894733905792
155.43862915039062,-0.11986920982599258
153.2483367919922,-0.11984087526798248
146.84417724609375,0.09513133019208908
159.27969360351562,-0.053921639919281006
143.79290771484375,-0.08427470922470093
135.96310424804688,-0.03914010152220726
160.95187377929688,-0.062349770218133926
144.97357177734375,0.012924693524837494
134.30233764648438,0.02747926115989685
148.62942504882812,-0.08940161019563675
161.72314453125,-0.15411129593849182
149.5531463623047,-0.18382257223129272
156.74856567382812,-0.09028316289186478
148.9273681640625,-0.10231079161167145
140.4626922607422,-0.037619449198246
144.16082763671875,-0.03941696137189865
146.43551635742188,-0.14809249341487885
164.40074157714844,-0.1433248519897461
160.5771484375,-0.1939745843410492
132.2250518798828,-0.10840796679258347
153.16712951660156,-0.12280987203121185
141.9783172607422,-0.08053487539291382
147.4576416015625,-0.057893138378858566
159.10635375976562,-0.14239683747291565
185.39962768554688,-0.12875142693519592
171.3927001953125,-0.2525107264518738
161.6774444580078,-0.21897733211517334
156.963623046875,-0.3718993067741394
148.57872009277344,-0.07987681776285172
163.6874542236328,-0.06396164745092392
133.70433044433594,-0.06543847918510437
165.108642578125,-0.11728771030902863
153.75030517578125,-0.09132232517004013
145.31451416015625,-0.11101491749286652
165.16900634765625,-0.1109628975391388
166.65911865234375,-0.2194460928440094
175.3898162841797,-0.0854199007153511
163.86978149414062,-0.19918465614318848
174.04327392578125,-0.24385976791381836
151.12008666992188,-0.2539103031158447
155.59812927246094,-0.1587236523628235
178.64540100097656,-0.03988422453403473
168.5486602783203,-0.06183989346027374
168.79652404785156,-0.2453424632549286
134.7135009765625,-0.12024134397506714
153.0708770751953,-0.016898225992918015
162.6978759765625,-0.061337705701589584
131.87286376953125,-0.017567187547683716
154.72901916503906,0.05123987793922424
168.35516357421875,-0.18771487474441528
136.68148803710938,-0.16349917650222778
131.3126678466797,-0.018612142652273178
157.55081176757812,-0.23006923496723175
145.17889404296875,-0.1383434236049652
127.24311065673828,-0.13284343481063843
159.5452423095703,-0.10251106321811676
155.95333862304688,-0.16407036781311035
180.11257934570312,-0.23540280759334564
151.34352111816406,-0.02906854823231697
144.21371459960938,-0.14445386826992035
158.47694396972656,-0.08634209632873535
178.37374877929688,-0.19527876377105713
124.2415542602539,-0.16270649433135986
173.44776916503906,-0.28437694907188416
154.31114196777344,-0.15161944925785065
177.6868896484375,-0.22819975018501282
159.76300048828125,-0.19468000531196594
145.54296875,-0.19380907714366913
160.12820434570312,-0.26267749071121216
167.8658447265625,-0.14532923698425293
152.1920166015625,-0.2766515016555786
167.1485137939453,0.14461740851402283
160.59828186035156,-0.04656945914030075
162.8919219970703,-0.06589077413082123
157.5957489013672,-0.3347013592720032
154.52777099609375,-0.1678987741470337
175.68722534179688,-0.2561725080013275
162.11985778808594,-0.22618705034255981
160.09300231933594,-0.12760677933692932
166.5298614501953,-0.16192561388015747
161.0712432861328,-0.09276285767555237
151.40963745117188,-0.31426161527633667
143.6656494140625,-0.09602704644203186
135.931396484375,-0.31914645433425903
170.75921630859375,-0.256625235080719
152.33514404296875,-0.545639157295227
167.76219177246094,-0.26274099946022034
156.25335693359375,0.1455586552619934
157.9443359375,-0.3270920217037201
146.71763610839844,-0.03668214753270149
178.3294677734375,-0.26815780997276306
149.814453125,-0.09682606160640717
176.3663330078125,0.057510871440172195
158.0218048095703,-0.27917730808258057
155.53985595703125,-0.3056407868862152
160.65234375,-0.061732158064842224
168.42124938964844,-0.22505399584770203
170.604248046875,-0.09780782461166382
166.7377166748047,-0.3394244909286499
166.98703002929688,-0.3742561340332031
169.45265197753906,-0.5728008151054382
145.26953125,-0.12135562300682068
150.36056518554688,-0.2248454988002777
135.28311157226562,0.07096359878778458
169.4906005859375,-0.2497275173664093
148.89556884765625,0.40081173181533813
160.4920196533203,-0.4305199980735779
157.23245239257812,-0.33135586977005005
174.4579315185547,-0.15258178114891052
132.29469299316406,-0.27856311202049255
169.45452880859375,-0.42568060755729675
174.1748809814453,-0.1511988490819931
161.1826171875,-0.39440077543258667
160.21383666992188,0.07749131321907043
142.48849487304688,0.357806533575058
175.04342651367188,-0.38557249307632446
142.1656951904297,0.06560510396957397
159.3098602294922,-0.18471556901931763
133.50979614257812,0.15875361859798431
153.04464721679688,-0.2717435956001282
160.8091278076172,-0.23129481077194214
126.8541030883789,0.09740306437015533
136.75689697265625,-0.4704722762107849
167.65476989746094,0.017284460365772247
182.0055389404297,-0.46540531516075134
147.14041137695312,0.4531118869781494
129.0316925048828,0.08917699754238129
151.06179809570312,-0.08557314425706863
162.61233520507812,0.07156428694725037
147.60848999023438,-0.48759910464286804
179.33119201660156,-0.3386424779891968
136.79530334472656,-0.26093289256095886
159.0615234375,-0.5116704702377319
171.46080017089844,-0.35950466990470886
162.1259307861328,-0.9564324617385864
159.26026916503906,0.2049742341041565
146.7824249267578,-0.09924064576625824
188.58636474609375,-0.4518047869205475
147.98374938964844,-0.4300541877746582
147.12176513671875,-0.40796786546707153
180.17027282714844,-0.7140426635742188
184.96185302734375,-0.2618863582611084
130.0054473876953,-0.23857054114341736
174.06512451171875,-0.1863238662481308
143.10372924804688,0.3643673062324524
150.9407501220703,-0.06151312589645386
161.72010803222656,-0.9369221925735474
170.70556640625,-1.035212755203247
161.32742309570312,-0.4603309631347656
141.0336151123047,-0.016925089061260223
173.28741455078125,-0.20678295195102692
152.1722412109375,-0.12485557794570923
161.40139770507812,-0.10433295369148254
136.7027587890625,-0.5231397747993469
159.9830322265625,0.13041363656520844
158.2266387939453,-0.28779610991477966
148.702880859375,-0.36736953258514404
156.28575134277344,-0.3152902126312256
158.064453125,-0.6963626146316528
156.1348419189453,0.05956992879509926
178.7111053466797,-0.5349965691566467
162.73660278320312,0.5929023623466492
156.76426696777344,-0.22361156344413757
141.91314697265625,-0.6841099858283997
152.20339965820312,-0.7177702188491821
163.83892822265625,-0.17178469896316528
159.94451904296875,0.06929750740528107
149.7475128173828,-0.29348838329315186
130.9036865234375,0.38242173194885254
185.56838989257812,-0.5893946290016174
140.45335388183594,-0.4176163077354431
175.5615997314453,-1.5736491680145264
123.81648254394531,0.0552796833217144
187.9646453857422,-0.4385851323604584
129.92881774902344,-0.19233021140098572
165.99862670898438,-0.5849834084510803
180.2263641357422,-0.14183974266052246
134.9285125732422,-0.49622562527656555
142.40121459960938,0.41067513823509216
161.80186462402344,-0.6283093690872192
132.52285766601562,-1.03734290599823
157.7460479736328,0.031971532851457596
169.80409240722656,0.15009832382202148
175.39166259765625,-1.0147343873977661
166.62950134277344,-0.8131489753723145
170.78160095214844,-0.2310323715209961
140.44888305664062,-0.07011234760284424
178.61886596679688,-0.6187757849693298
176.9523162841797,-0.17671196162700653
149.50860595703125,0.3180929720401764
161.97312927246094,-0.6877424716949463
142.4325408935547,-0.29023444652557373
174.46412658691406,-0.02107776515185833
183.18280029296875,-0.1648242026567459
128.10794067382812,0.032610323280096054
163.5303955078125,-1.4342396259307861
166.5547637939453,-0.46234598755836487
157.52227783203125,-0.47556227445602417
165.6029052734375,0.13534167408943176
165.7115478515625,-1.7698993682861328
174.05435180664062,-1.185174822807312
152.8953857421875,-1.038095235824585
139.0613250732422,0.18049979209899902
146.08697509765625,0.34902772307395935
161.11854553222656,-0.8163720369338989
156.78366088867188,-0.023178450763225555
139.57447814941406,0.9200947284698486
166.89212036132812,-1.2704230546951294
129.5797576904297,-0.10592719912528992
171.1813507080078,-0.7527338862419128
122.93675231933594,-0.12304306030273438
154.2493133544922,-0.40314850211143494
150.86204528808594,-0.45666977763175964
140.1117706298828,-0.30427050590515137
162.28421020507812,-1.2556755542755127
144.04641723632812,0.7482088804244995
130.03097534179688,0.5332306623458862
136.9256134033203,-0.985278844833374
119.48252868652344,-0.3978595733642578
149.35653686523438,-0.6390979886054993
128.34115600585938,0.45293179154396057
127.39118194580078,-0.6804390549659729
166.9871826171875,-0.6713131666183472
170.84271240234375,-0.042801856994628906
142.1269989013672,-0.46039801836013794
156.14588928222656,-0.7234580516815186
160.35484313964844,-1.7797578573226929
162.22337341308594,-0.6698439121246338
182.0335693359375,-1.22670316696167
151.6106414794922,0.020210139453411102
124.43019104003906,-0.9531389474868774
163.8836212158203,-2.230001926422119
156.082763671875,-0.2520464360713959
134.97821044921875,0.3108358085155487
136.7696075439453,-0.21922007203102112
186.1797332763672,-1.4290467500686646
118.688232421875,-0.07774682343006134
161.55569458007812,-0.42216956615448
157.2403564453125,-2.6722428798675537
133.02528381347656,0.19480203092098236
140.28443908691406,-0.49927783012390137
154.07717895507812,-0.6661505699157715
136.37796020507812,-1.091084361076355
132.39747619628906,-1.0311784744262695
167.73255920410156,-0.06002768129110336
175.99024963378906,-2.4802145957946777
153.47662353515625,-2.5173966884613037
130.20387268066406,-1.8129009008407593
171.66453552246094,0.48296016454696655
155.46881103515625,-1.6683145761489868
163.547607421875,-1.658040165901184
159.9307098388672,-2.723184585571289
190.00588989257812,-1.8115198612213135
124.79646301269531,0.273158997297287
151.96200561523438,-2.268725872039795
125.81295013427734,-1.164506435394287
150.43675231933594,0.08183051645755768
174.17796325683594,-1.1132957935333252
152.3667755126953,-1.6689156293869019
151.4246826171875,-0.1989106386899948
141.45547485351562,-0.5914304852485657
151.15028381347656,-1.8302842378616333
170.99571228027344,-0.19148042798042297
157.84214782714844,0.7468936443328857
134.81454467773438,0.351470410823822
163.5335235595703,-0.6836605668067932
156.0433349609375,-0.03758542612195015
140.06491088867188,-2.7350869178771973
142.991943359375,-2.891345977783203
153.3436737060547,-2.2783968448638916
124.3143539428711,-2.4868385791778564
138.88937377929688,-2.8596179485321045
165.84092712402344,1.3838720321655273
146.121337890625,-0.11386004090309143
149.15834045410156,-1.27873694896698
147.2561798095703,-4.2929277420043945
133.0531005859375,0.6007431149482727
112.61902618408203,-0.4322172999382019
157.85520935058594,-1.8318190574645996
164.92552185058594,-0.0670858845114708
193.764404296875,-0.8592286109924316
160.09539794921875,-2.39292311668396
138.08750915527344,-4.596582412719727
166.90611267089844,-1.608729600906372
136.5447235107422,-2.447068214416504
171.65182495117188,-0.49032604694366455
144.3411407470703,0.1975230872631073
168.06394958496094,-1.2269359827041626
161.4547882080078,-1.2000404596328735
137.3599395751953,-0.9903184771537781
116.63426971435547,-0.62505704164505
160.8911590576172,-0.9967600703239441
184.59580993652344,-0.05911397188901901
179.68540954589844,-0.05044577270746231
156.0951385498047,-4.851956367492676
148.741943359375,1.062986135482788
145.74742126464844,-2.3013129234313965
140.7174835205078,-0.1044173464179039
172.41720581054688,0.06678182631731033
127.52824401855469,0.5200151801109314
143.36386108398438,-0.5040761232376099
139.40150451660156,-1.0809369087219238
165.43667602539062,0.3424833416938782
136.97073364257812,2.2490503787994385
126.6716079711914,-0.9554561376571655
160.0177001953125,-0.9025686383247375
156.41949462890625,-0.5258687138557434
133.4658966064453,-0.47160932421684265
129.70855712890625,0.12256887555122375
175.98165893554688,-1.6793663501739502
138.47952270507812,-2.672501802444458
165.2262725830078,0.7917230725288391
142.8249969482422,-0.6454607248306274
141.38674926757812,-1.1028796434402466
162.46389770507812,-2.0265066623687744
165.65008544921875,-3.922123432159424
141.6116485595703,-4.418422222137451
163.44786071777344,-2.168048620223999
150.48280334472656,-0.14630889892578125
190.0262451171875,-1.3204965591430664
141.6002960205078,0.3757370412349701
152.0546875,-1.3439664840698242
163.77972412109375,-0.659102201461792
158.7207489013672,-1.498239278793335
142.66725158691406,-0.08843893557786942
142.7133331298828,-1.3583037853240967
140.30426025390625,0.5184795260429382
154.2198944091797,0.9317032098770142
199.15061950683594,-1.0245251655578613
173.07583618164062,-1.426350474357605
162.62806701660156,1.345199465751648
143.1417694091797,-0.07070362567901611
128.42578125,-0.9467335939407349
170.22885131835938,-1.2715659141540527
141.3085174560547,-2.9025580883026123
164.7527618408203,0.0518290176987648
150.01805114746094,-3.5272858142852783
117.52843475341797,-1.7194427251815796
142.91258239746094,0.6581267714500427
184.2727508544922,0.02932828851044178
141.7899627685547,-4.326488494873047
143.4697265625,2.362945795059204
143.68447875976562,0.7833102941513062
178.7522430419922,-0.8013836145401001
124.99574279785156,-3.9658236503601074
158.35508728027344,-2.9576175212860107
164.83367919921875,0.1570512354373932
157.0129852294922,0.4212152361869812
170.0819549560547,-0.9958031177520752
133.12106323242188,-2.0586419105529785
140.9958038330078,-2.8274385929107666
181.7778778076172,0.38447436690330505
176.516845703125,-1.3088926076889038
145.87803649902344,2.1398911476135254
143.5745391845703,-1.9277704954147339
143.18637084960938,-0.6760599613189697
133.9127960205078,-0.19958505034446716
150.98980712890625,-4.549707889556885
134.3541717529297,-1.2480684518814087
127.47354888916016,0.41470494866371155
118.6764907836914,-1.8915860652923584
168.21812438964844,-0.28207170963287354
114.76803588867188,-1.4885954856872559
128.72061157226562,-4.9540228843688965
163.95883178710938,-0.7056666612625122
148.57766723632812,-3.3382151126861572
154.431640625,-4.129664897918701
141.8688201904297,-0.13341212272644043
124.13185119628906,-0.9105483889579773
147.56430053710938,-1.2681804895401
150.2777862548828,0.9832224249839783
118.51107025146484,-1.9768871068954468
125.25646209716797,2.1258082389831543
135.90463256835938,-3.5236170291900635
154.24366760253906,-1.4872941970825195
166.60145568847656,-3.107344388961792
136.1717987060547,-1.3374782800674438
139.64390563964844,-0.7054904699325562
121.46283721923828,-1.005386471748352
120.36810302734375,-2.6968185901641846
167.8931427001953,-1.6417049169540405
133.3634490966797,-2.420316457748413
179.35658264160156,-3.3624188899993896
163.76535034179688,0.08998970687389374
143.64178466796875,-0.5025655627250671
158.6599884033203,-3.776474952697754
160.35926818847656,1.3636763095855713
134.1237030029297,-1.3975073099136353
129.0994873046875,-2.1763269901275635
142.87294006347656,-0.7775207757949829
149.16448974609375,-0.7094103097915649
170.108154296875,-1.9861820936203003
136.57020568847656,-2.0820090770721436
151.8927764892578,-2.8492472171783447
111.68164825439453,-1.3661965131759644
148.59878540039062,-1.0122764110565186
185.6848602294922,-2.4493794441223145
153.1197967529297,-3.028627872467041
144.1531219482422,0.8744803667068481
121.85684967041016,-2.952671527862549
164.6783905029297,1.5121170282363892
177.4896240234375,-0.5476064085960388
155.24143981933594,-0.5965735912322998
146.23280334472656,-5.271645545959473
161.34967041015625,-3.022986650466919
130.76109313964844,-2.2389492988586426
134.9165802001953,1.1327067613601685
129.93997192382812,-0.21776726841926575
150.109619140625,-0.6018528938293457
153.56069946289062,0.7018042802810669
122.6474838256836,0.6218051910400391
156.4484100341797,-1.9671070575714111
125.56919860839844,-3.9823696613311768
167.39892578125,-1.23703932762146
141.5435333251953,-2.4482476711273193
153.361572265625,-2.806142568588257
174.68785095214844,-1.8123698234558105
137.20611572265625,-0.8800985217094421
133.93826293945312,-0.5271053314208984
156.7184600830078,0.6215370297431946
114.30606842041016,-1.5668400526046753
128.4469451904297,-3.080960750579834
109.30980682373047,0.305554062128067
158.4940185546875,-1.3299455642700195
155.275634765625,-1.425276517868042
137.16761779785156,-2.145364761352539
157.6457977294922,-2.9925599098205566
157.2093505859375,-2.162170171737671
141.00950622558594,-6.681371212005615
181.51455688476562,-1.5414011478424072
119.05480194091797,-1.1743690967559814
156.84054565429688,-0.3673704266548157
151.5767059326172,-1.0004996061325073
172.89857482910156,-4.904315948486328
134.29617309570312,-2.0597026348114014
174.67852783203125,-3.304776906967163
135.59307861328125,-3.125718116760254
121.20818328857422,-0.8742812275886536
164.66261291503906,-4.354005336761475
174.65863037109375,-3.1001102924346924
126.23726654052734,-0.3961414396762848
119.05064392089844,2.03728985786438
137.5916290283203,-1.3478306531906128
124.44316101074219,-1.2153167724609375
103.59944915771484,-0.8228372931480408
136.42703247070312,-3.7706222534179688
189.140380859375,-1.885399341583252
165.6855010986328,-2.141411066055298
115.57211303710938,-1.935805082321167
126.11662292480469,-2.124654531478882
154.13523864746094,-2.7989554405212402
123.4560546875,0.8886774182319641
141.8225860595703,-3.0259673595428467
142.3524932861328,0.2805207669734955
122.27194213867188,-0.5842843055725098
135.2403106689453,-1.730687141418457
129.95144653320312,-0.5338565707206726
172.09014892578125,-2.960831880569458
156.9220733642578,-1.5081385374069214
148.1275177001953,-0.6520208716392517
155.18968200683594,-2.0853676795959473
154.01144409179688,-3.0275321006774902
142.1425323486328,-2.5568230152130127
117.72738647460938,-2.3517205715179443
146.26495361328125,2.9510269165039062
172.45025634765625,-3.192897319793701
148.7055206298828,-0.5212616324424744
150.65518188476562,-3.0564541816711426
160.97930908203125,-0.7625402212142944
171.7215576171875,-2.7317276000976562
155.25485229492188,1.6554032564163208
153.9278564453125,-5.3534255027771
166.86734008789062,-1.4380836486816406
146.3473663330078,-1.686931848526001
122.13041687011719,-0.7602987885475159
149.8611602783203,-0.11697369068861008
138.8376007080078,-3.5440263748168945
141.2406005859375,-1.5549691915512085
122.97129821777344,-0.7310159206390381
194.55508422851562,-1.268343448638916
162.4720458984375,-0.5849430561065674
161.19473266601562,-1.844641923904419
121.99072265625,-2.1668803691864014
165.78370666503906,0.8501619100570679
133.89332580566406,-1.9040000438690186
123.84471130371094,-5.200430870056152
138.4405975341797,0.7089245319366455
127.42707824707031,-0.29054805636405945
116.1868667602539,-0.4002767503261566
141.86849975585938,-1.5477595329284668
174.4185333251953,-3.059319019317627
133.1739044189453,1.6592307090759277
158.1953887939453,-0.7397844791412354
125.70642852783203,-0.9192945957183838
124.0313949584961,0.2528972625732422
171.6792449951172,-1.36655855178833
130.92945861816406,-0.517077624797821
114.73433685302734,-0.7268356084823608
154.98500061035156,-0.07446643710136414
156.1374053955078,-1.338135004043579
152.28073120117188,-0.12899060547351837
153.8430633544922,-0.9756477475166321
170.44137573242188,-3.7117066383361816
126.59771728515625,1.8779855966567993
146.21800231933594,-4.04185676574707
150.78443908691406,-1.0191028118133545
149.6156005859375,0.38763320446014404
146.56546020507812,-3.0098483562469482
122.78270721435547,-3.9118382930755615
123.06600189208984,-1.9444806575775146
168.82281494140625,-4.082930088043213
154.66885375976562,-1.755468487739563
168.40078735351562,-2.224158763885498
143.0382080078125,-4.590075969696045
111.5280532836914,-1.1128243207931519
158.39219665527344,-1.7540212869644165
115.75242614746094,-1.5965715646743774
148.15309143066406,-2.508671283721924
141.54986572265625,0.34023547172546387
143.87161254882812,2.249809980392456
149.96726989746094,-3.577763795852661
158.72596740722656,-3.4142611026763916
112.80181884765625,-3.7284038066864014
169.07420349121094,-5.243520736694336
116.15723419189453,-1.2481290102005005
161.38841247558594,-2.365602493286133
156.31793212890625,-2.3334639072418213
147.35958862304688,-4.305306911468506
111.09573364257812,-0.5777344107627869
138.0590057373047,-0.8384655714035034
134.43675231933594,-4.5250983238220215
138.000244140625,-0.8205366134643555
140.2530059814453,-1.9772766828536987
140.7421875,-3.0055770874023438
153.07101440429688,0.9777888059616089
137.3321533203125,-1.2219992876052856
138.1752166748047,-3.7652082443237305
123.99845123291016,-1.9185972213745117
159.8149871826172,-1.5665098428726196
128.26971435546875,-1.3526300191879272
109.64608764648438,-3.0300657749176025
151.19297790527344,2.8752174377441406
127.00372314453125,-2.101351499557495
185.82351684570312,-1.474934697151184
111.8091812133789,-1.5434099435806274
139.24046325683594,-2.0394070148468018
131.22109985351562,-0.17350560426712036
142.5872344970703,0.27251267433166504
128.5959014892578,-2.6677818298339844
147.12069702148438,-1.311803936958313
126.18928527832031,-5.351645469665527
174.9454345703125,-3.8559799194335938
134.29815673828125,-5.838188171386719
119.11180114746094,-0.6496386528015137
122.70845794677734,-2.7581839561462402
168.88816833496094,-3.710341215133667
126.80229187011719,-1.0741322040557861
139.0054931640625,-5.032077789306641
120.35379028320312,-3.3754451274871826
141.60540771484375,-2.4749796390533447
142.49908447265625,-5.560083866119385
129.73814392089844,-2.5215795040130615
149.25437927246094,-3.0327486991882324
126.09089660644531,-0.496021032333374
118.58426666259766,-1.2102141380310059
137.73321533203125,-1.7119554281234741
130.99819946289062,-1.825036644935608
135.1734619140625,-1.4861299991607666
134.8272247314453,-3.9604897499084473
112.55872344970703,0.5115135908126831
103.24711608886719,-3.9222824573516846
118.47966766357422,-2.807568311691284
127.97773742675781,-1.4725720882415771
139.2933349609375,-1.4361648559570312
101.34297943115234,-4.525134563446045
136.83424377441406,-0.11958280950784683
152.88711547851562,-2.1546308994293213
107.31948852539062,-4.031712532043457
150.7123260498047,2.037586212158203
191.391845703125,-3.272036075592041
122.43624114990234,1.2857282161712646
154.03785705566406,-2.995030403137207
125.44014739990234,-1.8318630456924438
110.4949722290039,-2.110361337661743
187.83663940429688,-0.9181787371635437
131.06515502929688,-2.3026721477508545
145.83480834960938,-2.9516355991363525
127.9097900390625,0.28034311532974243
155.12249755859375,-4.826719760894775
145.24635314941406,-6.6416015625
159.5982208251953,-2.3595778942108154
119.45902252197266,-2.7638468742370605
160.31948852539062,-2.4672884941101074
169.71484375,0.29987457394599915
125.12503814697266,-1.8865571022033691
178.90237426757812,1.6997575759887695
153.83045959472656,-3.9950907230377197
129.68617248535156,-2.1406023502349854
144.52084350585938,-1.3133541345596313
141.5889129638672,-1.364896297454834
160.80712890625,-0.3076612651348114
183.3761444091797,-3.591259479522705
122.47982788085938,0.531893253326416
151.8995819091797,3.3508150577545166
137.2420654296875,2.537247657775879
120.54096221923828,-4.332581996917725
143.8052520751953,-4.24033784866333
113.94330596923828,-0.1591365933418274
136.12017822265625,-5.045412063598633
120.5517349243164,-0.8532670140266418
136.65672302246094,0.777133047580719
126.5500259399414,-1.0605412721633911
110.50811767578125,-2.9449822902679443
124.71697998046875,-1.0961703062057495
110.96431732177734,-1.7958317995071411
145.80726623535156,-1.1333657503128052
117.49679565429688,0.7725067138671875
116.19961547851562,0.5983388423919678
171.3388671875,-3.3428590297698975
125.26624298095703,1.5384600162506104
137.2200927734375,0.22137299180030823
182.81040954589844,-2.052131175994873
122.84201049804688,-1.2250360250473022
167.6439971923828,-0.44759538769721985
133.24774169921875,-0.8087527751922607
173.48257446289062,-3.392221689224243
154.54888916015625,1.5536396503448486
151.89093017578125,-2.901392698287964
136.21372985839844,0.9002537131309509
135.33822631835938,-1.510026454925537
159.6333770751953,-2.450575113296509
111.23448181152344,-0.9352301359176636
158.70648193359375,-1.8668904304504395
159.99737548828125,-0.024009741842746735
149.10845947265625,-0.3073882758617401
125.33418273925781,-0.09823565930128098
140.27261352539062,-5.882205963134766
150.38088989257812,-3.4921000003814697
146.4562530517578,-0.788910448551178
113.00421142578125,-2.1013853549957275
153.42202758789062,-1.8984038829803467
137.4273681640625,-5.8483428955078125
120.69205474853516,-1.6425796747207642
157.36978149414062,-1.9024251699447632
132.72637939453125,-3.8933372497558594
126.6558837890625,-3.20180606842041
169.8042755126953,-0.08211042732000351
132.53904724121094,-4.487410545349121
140.19410705566406,-0.8670569658279419
128.88259887695312,1.8784136772155762
118.1393814086914,-1.3429797887802124
112.35033416748047,-0.6649498343467712
142.3983154296875,-0.5767478942871094
116.45604705810547,-1.6758536100387573
136.09329223632812,0.8145548701286316
137.2800750732422,-0.7505759000778198
161.59384155273438,-3.4612653255462646
144.91236877441406,-0.3114360570907593
121.82063293457031,0.6247562766075134
105.97200012207031,-0.8254749774932861
118.35861206054688,-3.6647157669067383
124.52407836914062,-2.205796003341675
135.1658172607422,-3.5594539642333984
107.59935760498047,-1.3487303256988525
127.17384338378906,-0.3891286551952362
122.84010314941406,-1.7963865995407104
131.24478149414062,-3.2118980884552
117.96070098876953,-2.9934165477752686
158.03488159179688,-2.966165781021118
140.39794921875,-4.75632381439209
156.28367614746094,-0.291999489068985
120.1863021850586,-2.4694488048553467
121.9087905883789,-1.6333036422729492
141.00253295898438,-4.402415752410889
138.2509002685547,-1.0360840559005737
114.2087173461914,-3.1905205249786377
147.8156280517578,-0.4421408772468567
135.09951782226562,0.6375338435173035
113.4111557006836,-1.7230137586593628
140.05307006835938,-4.798985481262207
138.36534118652344,-4.314358711242676
146.23008728027344,-3.58142352104187
122.61772918701172,-5.671792507171631
107.240234375,-2.507296323776245
168.50357055664062,-0.30140024423599243
118.58812713623047,-1.0811865329742432
146.8252716064453,-5.541797637939453
130.97134399414062,-4.482845306396484
118.46226501464844,-0.17557603120803833
152.42703247070312,-1.219996452331543
102.07263946533203,-1.0979198217391968
106.07231140136719,-1.106855869293213
116.71696472167969,-0.34417182207107544
144.17465209960938,-1.4385265111923218
149.26097106933594,-2.112516164779663
151.2900848388672,-0.5610780715942383
155.06529235839844,-5.064685821533203
120.20417022705078,-2.1536059379577637
126.48856353759766,-4.06571102142334
149.68536376953125,0.6287167072296143
177.21893310546875,-4.503900051116943
138.5266571044922,-2.244173288345337
128.6841583251953,-0.17008227109909058
166.41696166992188,-2.4869191646575928
120.84740447998047,-3.3506126403808594
150.84823608398438,-0.9222708940505981
151.5389404296875,-1.209881067276001
129.58871459960938,-3.970177173614502
110.67156982421875,0.5632819533348083
132.39584350585938,-3.3497469425201416
132.6838836669922,-5.868954181671143
130.65292358398438,-4.407845497131348
146.9220428466797,-3.0535030364990234
169.7076873779297,-2.2628278732299805
150.3274383544922,-2.3826797008514404
114.89948272705078,-1.028197169303894
138.14251708984375,-6.0447821617126465
129.43280029296875,-4.693618297576904
142.27975463867188,-5.693873882293701
130.0933837890625,-3.563411235809326
119.55448150634766,-2.8961851596832275
164.91567993164062,-2.701702356338501
140.04412841796875,-5.6128973960876465
132.61965942382812,-2.095339059829712
134.1697540283203,-1.7595810890197754
116.00189971923828,-1.5121116638183594
130.23379516601562,-0.8474156260490417
114.19781494140625,0.47295081615448
155.17779541015625,-2.420531749725342
145.13531494140625,-0.9311351776123047
167.12078857421875,-5.34683084487915
134.54266357421875,1.2597378492355347
143.4059295654297,1.5392895936965942
113.59721374511719,-2.8716015815734863
133.92514038085938,-5.961340427398682
118.03291320800781,-3.914780616760254
105.22093963623047,-1.2177574634552002
114.43704986572266,-0.5477572679519653
122.46185302734375,-1.5864156484603882
143.85836791992188,-3.8066465854644775
128.69801330566406,-2.9759554862976074
125.50433349609375,0.11233776062726974
112.74369049072266,0.5796998739242554
123.34186553955078,-2.6607506275177
114.15071105957031,-3.194258451461792
118.01850891113281,-1.1953837871551514
134.3751678466797,-2.6611762046813965
133.57334899902344,-3.2719712257385254
131.8455810546875,-4.676349639892578
142.49539184570312,-2.191732883453369
105.11682891845703,-3.2020914554595947
112.68494415283203,-4.835068225860596
143.6916961669922,-3.792762041091919
132.64602661132812,-4.111548900604248
125.12934875488281,-2.1436221599578857
107.28949737548828,-2.7932159900665283
125.64823913574219,-1.3032888174057007
100.62364959716797,1.7367188930511475
105.28903198242188,-3.296210527420044
140.0536651611328,-1.2261790037155151
116.1434326171875,-0.9855029582977295
156.3238067626953,-1.9733091592788696
154.41326904296875,-4.625696659088135
137.76397705078125,0.274008572101593
142.4710693359375,-1.1429930925369263
178.50369262695312,-2.63455867767334
142.3239288330078,-2.3027474880218506
144.2601776123047,-2.5411622524261475
117.204345703125,-2.9797799587249756
147.2996826171875,0.8717133402824402
122.23805236816406,2.5232808589935303
114.82494354248047,-1.7184797525405884
108.886474609375,0.4891912639141083
130.6808624267578,-1.281631350517273
139.49575805664062,-7.691888332366943
119.73603820800781,-3.27168607711792
134.02586364746094,-0.22462357580661774
141.81809997558594,-0.8225312232971191
135.06381225585938,-0.8874040842056274
165.2996826171875,0.9777734279632568
117.0376205444336,-0.4643038809299469
145.9654998779297,1.2069815397262573
109.99136352539062,-3.243722915649414
142.35862731933594,-1.6724008321762085
140.82049560546875,-1.6823861598968506
141.49813842773438,-5.752377986907959
181.7388458251953,-2.5048179626464844
121.44377899169922,-1.9149713516235352
162.00181579589844,1.0148268938064575
179.9884796142578,-3.05045223236084
111.587890625,-0.08061005175113678
130.5516815185547,-0.7047420740127563
127.10901641845703,0.020303944125771523
118.63517761230469,-4.0582685470581055
113.18772888183594,0.6135680079460144
115.18928527832031,-1.766844391822815
144.99905395507812,-2.6931395530700684
145.56153869628906,-5.672128200531006
132.04026794433594,-5.2276716232299805
133.75242614746094,-3.469709873199463
146.50721740722656,-2.3363137245178223
129.88938903808594,-1.2778016328811646
152.48666381835938,0.1072162389755249
118.88882446289062,-2.650503158569336
151.04306030273438,-2.249786853790283
143.76930236816406,-5.911945819854736
117.44676208496094,-1.3963919878005981
125.10856628417969,-2.8998398780822754
120.26507568359375,-1.2181035280227661
116.86351776123047,-2.09285306930542
149.63516235351562,-2.010370969772339
155.3629150390625,-2.649667739868164
111.13211059570312,-5.511916637420654
112.23422241210938,-4.747794151306152
149.0552978515625,-4.48084020614624
143.661376953125,-3.3800225257873535
172.24476623535156,-3.0039002895355225
154.45376586914062,-3.5576720237731934
126.49349975585938,-0.9804514646530151
143.5183563232422,-3.18408203125
137.5094757080078,-2.1739494800567627
122.03618621826172,-2.8127129077911377
178.2869415283203,-1.773934006690979
135.2653045654297,-0.30365175008773804
127.01581573486328,-1.6254827976226807
129.85202026367188,-2.764270305633545
109.7914810180664,-2.9634523391723633
107.17716979980469,-1.1706405878067017
152.26390075683594,0.37309110164642334
101.05123901367188,1.7914249897003174
131.7551727294922,-2.157606601715088
122.92308044433594,0.08502954244613647
115.48639678955078,-1.5398029088974
148.34005737304688,-3.9300460815429688
128.63223266601562,-0.7201198935508728
115.48401641845703,-2.78063702583313
109.55866241455078,-1.339698076248169
110.21257019042969,-5.23546838760376
143.81216430664062,0.5100504755973816
144.1947021484375,-4.074642181396484
166.25131225585938,-1.7925270795822144
111.49172973632812,-1.6672042608261108
151.55142211914062,0.3158142864704132
130.2401123046875,0.49455392360687256
149.401611328125,-3.671865463256836
141.27308654785156,-3.083974838256836
124.9964599609375,-1.3975955247879028
147.05117797851562,-3.933687210083008
115.1690902709961,-3.1798219680786133
154.53221130371094,-2.8092572689056396
144.78453063964844,-1.3427433967590332
122.77217102050781,-2.6679673194885254
140.9105682373047,-2.4865691661834717
111.53208923339844,-2.169198989868164
106.7528305053711,-4.608901023864746
123.45209503173828,-2.4609122276306152
138.01339721679688,-3.3584861755371094
137.4046630859375,-5.121828556060791
106.6693115234375,-0.8209418058395386
107.8180923461914,-0.7480296492576599
156.595458984375,-5.22936487197876
114.86215209960938,-2.555448055267334
110.40040588378906,-4.02935266494751
113.46746063232422,-3.349241256713867
125.46640014648438,-0.5436741709709167
163.0525665283203,-0.7145601511001587
129.6403045654297,0.3911169171333313
137.0154571533203,-1.6714837551116943
156.036376953125,-5.036319732666016
127.77782440185547,-0.06151536479592323
143.07608032226562,-3.9508748054504395
119.14282989501953,-1.279737949371338
139.46656799316406,-2.3292007446289062
124.12667846679688,-2.5125420093536377
131.8564910888672,-1.5617800951004028
130.28672790527344,-3.805636167526245
142.80447387695312,-0.6049866080284119
121.36749267578125,0.5056324005126953
130.95799255371094,-0.29980024695396423
124.19145202636719,-1.7316274642944336
153.04751586914062,-2.8778419494628906
128.95887756347656,0.7049985527992249
122.8355941772461,-4.6334147453308105
124.67427825927734,-2.0976035594940186
146.807861328125,-4.222616195678711
136.6645965576172,-0.6764516234397888
122.88329315185547,-4.505004405975342
121.02937316894531,-1.6123497486114502
109.89933013916016,-1.485774040222168
99.52206420898438,-2.6490774154663086
97.12086486816406,0.13828808069229126
157.2053985595703,-4.733902931213379
152.4099578857422,-6.709272861480713
174.15225219726562,-0.21971677243709564
151.0496063232422,-6.751264572143555
134.3943328857422,-0.07690151035785675
148.74803161621094,1.1153149604797363
97.26819610595703,0.0778326541185379
95.51116180419922,-1.6237074136734009
149.14320373535156,-2.2497828006744385
101.9791259765625,-0.6837050318717957
156.1833038330078,0.1915673166513443
131.6628875732422,-1.0693328380584717
126.71098327636719,-3.829437017440796
109.08401489257812,0.8677896857261658
142.5773468017578,1.0448633432388306
144.1428680419922,-4.410315990447998
123.30487823486328,-3.5817174911499023
120.9567642211914,-3.6407158374786377
104.8241195678711,-2.1430413722991943
133.68084716796875,-1.9500494003295898
143.06582641601562,-1.3201112747192383
159.2563934326172,-4.028574466705322
110.7583999633789,-4.593552589416504
126.07530212402344,-2.431870698928833
116.0887222290039,-1.2835932970046997
149.5024871826172,-4.38524055480957
122.63787841796875,-1.4174431562423706
142.477294921875,-5.231107711791992
111.75740051269531,-0.35055410861968994
150.77076721191406,-5.323426246643066
128.45181274414062,-1.2346296310424805
141.32806396484375,-5.612540245056152
134.44207763671875,-1.4835842847824097
118.44647979736328,-0.8423723578453064
106.75596618652344,0.05511704459786415
164.84947204589844,-1.4122364521026611
126.51171875,-2.7080225944519043
150.06219482421875,-2.7389304637908936
129.00064086914062,0.5313712358474731
116.58878326416016,0.5595778822898865
155.51658630371094,-4.177809715270996
114.99370574951172,-2.4358153343200684
152.080322265625,0.439883291721344
129.9096221923828,-0.4934724271297455
128.0363311767578,-0.273920476436615
125.3598861694336,-2.344647169113159
117.8401870727539,-1.0441865921020508
131.14588928222656,-6.072420597076416
113.6978530883789,-2.9152567386627197
164.65603637695312,-2.71163010597229
113.99147033691406,-1.653956651687622
133.60096740722656,-6.088237762451172
128.93576049804688,-1.0655157566070557
139.301025390625,-4.8953375816345215
118.78543090820312,-3.322935104370117
121.46410369873047,-3.402350902557373
162.4739990234375,-4.2460737228393555
125.41028594970703,-5.658517837524414
147.13897705078125,-4.268364906311035
137.03018188476562,-4.568263530731201
104.39347839355469,-5.0266947746276855
151.66407775878906,-5.218221187591553
135.92169189453125,-1.2750178575515747
134.26177978515625,-3.828748941421509
113.19599151611328,-1.4697846174240112
159.60699462890625,-3.459455728530884
120.78607177734375,-3.3810372352600098
140.61334228515625,0.0731743574142456
102.40205383300781,-3.403841972351074
176.42645263671875,0.8926437497138977
106.04298400878906,-5.303511619567871
117.74295806884766,-2.4223787784576416
109.42657470703125,-1.0655322074890137
138.5564422607422,-3.9388701915740967
123.74530029296875,-2.372953176498413
105.03949737548828,-2.0493521690368652
150.26710510253906,-1.9920114278793335
103.71086883544922,-2.414827346801758
118.88858032226562,-0.5415046215057373
117.15450286865234,-1.690277099609375
170.5225830078125,-1.9452550411224365
161.3857879638672,-2.737475872039795
150.10926818847656,-7.493095874786377
149.2383575439453,-3.935826539993286
142.29995727539062,-4.075179100036621
135.96055603027344,-1.7374606132507324
124.87023162841797,-0.5265596508979797
151.89578247070312,-4.1645612716674805
145.0195770263672,-3.9243624210357666
126.11392211914062,-0.11448327451944351
162.21542358398438,0.9014382362365723
119.55361938476562,-3.2768115997314453
123.94554901123047,-1.5444873571395874
135.50247192382812,-0.6527059078216553
111.45061492919922,-2.6666629314422607
168.71913146972656,-3.3976504802703857
147.39376831054688,-3.0674777030944824
137.6490478515625,-4.105149269104004
169.85594177246094,-2.792717456817627
123.80089569091797,-2.4079203605651855
138.0618133544922,-1.6220664978027344
113.24639892578125,-2.729616165161133
145.18963623046875,-1.8927080631256104
126.60763549804688,-4.004652976989746
106.94749450683594,-0.8009213209152222
153.5794677734375,-4.433111667633057
115.24651336669922,-4.22106409072876
96.8802490234375,-0.2533898949623108
135.08314514160156,-2.468879461288452
135.43666076660156,-0.7227022647857666
121.95964050292969,-3.276524305343628
101.2023696899414,1.2136346101760864
112.75709533691406,-0.7514599561691284
124.00193786621094,-1.7614868879318237
103.46178436279297,0.5951224565505981
108.96544647216797,-3.019476890563965
139.97972106933594,0.6088811159133911
108.4695816040039,-0.9645460844039917
155.33436584472656,-0.9967643618583679
144.33641052246094,-1.835958480834961
119.17273712158203,-3.293043375015259
119.59550476074219,-0.6381799578666687
116.32581329345703,0.46392425894737244
141.0410919189453,-2.6000823974609375
104.2814712524414,-3.1979212760925293
100.97498321533203,-2.168323278427124
127.36568450927734,-7.240524768829346
156.24819946289062,-4.759699821472168
146.5791015625,0.04961274564266205
150.87911987304688,-4.045087814331055
118.97516632080078,-5.536153793334961
158.17636108398438,-3.2233901023864746
118.55950927734375,-5.614496231079102
110.1179428100586,0.5898216366767883
109.27779388427734,0.4997362494468689
110.59579467773438,0.04870082437992096
100.01670837402344,-1.743945837020874
109.45770263671875,-3.117361307144165
137.34095764160156,-4.991984844207764
122.34281158447266,-5.477067947387695
125.99613189697266,-2.6011271476745605
121.67337799072266,-4.385213375091553
121.91063690185547,-2.671060085296631
103.79425048828125,1.127397894859314
106.81758880615234,-1.8772612810134888
143.0731658935547,-1.7980241775512695
146.76368713378906,-0.32698482275009155
118.34535217285156,-4.539323806762695
109.15632629394531,-4.788198947906494
100.96707916259766,-2.66804838180542
125.58798217773438,-1.8991204500198364
114.94709014892578,-1.6407020092010498
112.26187896728516,-2.782758951187134
109.66085052490234,-2.1664719581604004
95.8250503540039,-1.2022243738174438
108.26832580566406,-1.3492043018341064
103.78994750976562,-3.882235527038574
150.40286254882812,-4.529811382293701
125.33465576171875,-2.597443103790283
142.37510681152344,-5.674561023712158
122.34879302978516,-7.432582855224609
146.0146026611328,2.6236369609832764
102.50878143310547,0.19614548981189728
130.18145751953125,-1.7198182344436646
103.94903564453125,-1.4749549627304077
109.62921142578125,-1.6497471332550049
103.58050537109375,-2.7903614044189453
120.6692123413086,-0.7679156064987183
115.4445571899414,0.02548682689666748
104.41452026367188,-1.5434542894363403
115.69493103027344,-3.4436733722686768
123.52381134033203,-6.017627716064453
117.45075988769531,-3.054989814758301
141.1996307373047,-1.8834913969039917
134.31838989257812,-5.280069351196289
133.5214385986328,-1.9294867515563965
99.25680541992188,-1.1967815160751343
130.45863342285156,-2.2966935634613037
121.58111572265625,-1.6262462139129639
120.89531707763672,-2.434765338897705
108.24717712402344,-0.12740781903266907
136.53622436523438,-1.7541427612304688
114.85179901123047,-6.764394283294678
139.3779296875,-5.073395729064941
128.9407196044922,-3.8072428703308105
130.91256713867188,0.8639566898345947
124.84938049316406,-5.645650386810303
129.0058135986328,-3.221972703933716
127.87394714355469,-7.051647663116455
94.43339538574219,-2.197516918182373
117.86858367919922,-2.6570751667022705
144.08056640625,-2.482574462890625
88.4598388671875,-2.7031519412994385
127.2201156616211,0.37043076753616333
106.32556915283203,-2.1871092319488525
123.7364730834961,-1.959043025970459
102.69363403320312,-3.364140510559082
121.71687316894531,-0.3349604308605194
122.03376007080078,-3.1606595516204834
127.67047119140625,-3.749194860458374
111.7806396484375,-4.464244365692139
138.26710510253906,-4.7351179122924805
108.09038543701172,-3.614722967147827
130.36961364746094,-4.968583106994629
115.31703186035156,-3.99365234375
124.85139465332031,-1.6859490871429443
112.72999572753906,-1.446264624595642
123.4369125366211,-6.490312099456787
119.53971099853516,-0.9773105382919312
136.04380798339844,-2.0821080207824707
106.71568298339844,-0.8332908153533936
107.2630615234375,-3.1337192058563232
111.65541076660156,-1.5863620042800903
127.9288330078125,0.16507606208324432
143.19212341308594,-5.201691627502441
104.9273681640625,-2.5062615871429443
99.57470703125,-2.3615856170654297
114.01099395751953,-4.317228317260742
110.51618957519531,-0.5051145553588867
108.70487213134766,-5.661749839782715
123.08747100830078,-5.007553577423096
138.2018585205078,-3.8758020401000977
123.6695556640625,0.5503524541854858
110.79972839355469,-3.652980089187622
96.98693084716797,-0.2171395868062973
142.19879150390625,-1.4727816581726074
106.53759765625,-3.1810426712036133
111.42149353027344,-1.4336192607879639
149.5502471923828,-0.409117192029953
144.71157836914062,-5.8779802322387695
136.9094696044922,-4.083035469055176
143.01817321777344,-0.5893697142601013
132.07760620117188,-2.4901692867279053
141.6709442138672,-0.7432164549827576
135.17959594726562,-7.303802013397217
131.05859375,-0.5863925218582153
110.54096221923828,-0.7331252098083496
90.97905731201172,-3.254547357559204
126.53860473632812,-5.056092262268066
132.6488800048828,-2.0591182708740234
125.79826354980469,-5.411820888519287
125.34706115722656,0.1256624162197113
124.27399444580078,-1.242570400238037
160.2007293701172,-4.66582727432251
105.47782897949219,-3.855954170227051
106.87784576416016,-4.710345268249512
106.4918212890625,-2.485647439956665
99.22750091552734,-0.04908326640725136
98.4054946899414,0.11592382937669754
130.33924865722656,-0.790207028388977
104.9952392578125,-0.7803202271461487
112.80238342285156,-3.1323800086975098
143.53497314453125,-1.799556851387024
112.44478607177734,-5.162387371063232
144.95338439941406,-4.2598724365234375
88.64237213134766,-1.2021878957748413
139.90493774414062,-4.524960041046143
132.69879150390625,0.3645002543926239
162.67828369140625,-1.805511236190796
109.60802459716797,-2.512132406234741
120.58985900878906,-1.9872162342071533
91.21051788330078,0.2976835072040558
104.77717590332031,-2.7110371589660645
108.4220199584961,-4.080192565917969
125.4342041015625,-4.223672866821289
114.91937255859375,-2.9881410598754883
103.01203155517578,-0.6828081607818604
112.0593490600586,-1.4242289066314697
90.21198272705078,-2.7477059364318848
109.58537292480469,-4.387810707092285
152.5482635498047,-3.20806884765625
122.57684326171875,-2.765131711959839
120.96124267578125,-4.36985445022583
102.2876205444336,-0.9531612396240234
120.78460693359375,-2.6005430221557617
127.45549774169922,-5.576404094696045
120.29267883300781,1.058547019958496
98.46306610107422,-2.2456982135772705
106.74446868896484,-0.9877672791481018
111.90617370605469,-2.5189263820648193
108.26364135742188,-1.7249135971069336
99.30120086669922,-3.510077476501465
118.31524658203125,-1.5046526193618774
90.38365936279297,-1.2996128797531128
115.78502655029297,-3.4050960540771484
125.65199279785156,-4.101220607757568
126.51029205322266,-0.3637843132019043
125.6724853515625,-4.576827526092529
132.2147979736328,-5.754403114318848
100.1655044555664,-3.1736080646514893
125.1907730102539,-7.719537258148193
105.55390167236328,-1.87412428855896
129.3917999267578,-0.49575331807136536
98.33403778076172,-0.968722403049469
98.68630981445312,-1.4865069389343262
129.3498992919922,-0.09638342261314392
123.21039581298828,-4.19682502746582
95.92977905273438,-2.1247923374176025
148.15565490722656,-3.5949833393096924
119.41719055175781,-5.313980579376221
137.24349975585938,-6.072398662567139
88.91434478759766,-1.4051281213760376
100.72087097167969,-2.218468189239502
147.34442138671875,-2.157724142074585
157.16580200195312,0.5458794236183167
132.8959503173828,-4.70631217956543
124.04769134521484,-6.6752800941467285
128.41954040527344,-4.9574971199035645
121.83645629882812,-2.638309955596924
118.43814086914062,-3.112487554550171
98.26947021484375,-3.1261656284332275
106.51329803466797,-2.0897581577301025
101.77690887451172,-5.531001091003418
149.29998779296875,-4.950962066650391
87.31993103027344,-1.0128939151763916
116.43494415283203,-0.444282203912735
96.24727630615234,-1.9429579973220825
113.35128021240234,-3.2245922088623047
137.73350524902344,-6.880369186401367
141.45664978027344,-1.3725850582122803
120.6744155883789,-0.9715864658355713
149.77264404296875,-2.679490804672241
135.27955627441406,-2.5623276233673096
132.59226989746094,-4.869071960449219
147.4834747314453,-3.312605619430542
106.76019287109375,-3.1222078800201416
116.63678741455078,-4.761622905731201
117.52603149414062,-4.012691020965576
154.04916381835938,-2.176492691040039
91.51533508300781,-0.2916564643383026
105.34799194335938,-1.291164517402649
117.38156127929688,-4.11747407913208
131.67337036132812,-6.041587829589844
121.9235610961914,-3.583721160888672
105.63224029541016,-5.644471168518066
105.96100616455078,-2.804915428161621
131.81639099121094,-5.0859222412109375
93.6031494140625,-1.572007656097412
99.2529067993164,-1.7772036790847778
111.39097595214844,-0.47046053409576416
132.22618103027344,1.0752413272857666
107.63545227050781,-2.5067484378814697
99.97279357910156,-1.9853651523590088
137.7493896484375,-2.084575653076172
100.49962615966797,-1.2714476585388184
113.34405517578125,-2.085636615753174
100.13426208496094,-2.993746042251587
86.44822692871094,-2.6477935314178467
104.12677001953125,-6.522400379180908
147.52476501464844,-3.427377223968506
134.89707946777344,-1.3030812740325928
88.20731353759766,-3.40073561668396
121.5837631225586,-1.8096678256988525
140.95950317382812,-5.729179859161377
109.9875717163086,-3.2355761528015137
100.19782257080078,-2.198049306869507
112.60042572021484,-1.988161325454712
104.99403381347656,-2.486830234527588
115.773681640625,-1.2787165641784668
113.40424346923828,-4.3743486404418945
137.47816467285156,-1.840619444847107
129.18621826171875,-5.1366190910339355
117.46548461914062,-2.4795243740081787
116.47823333740234,-0.2735081613063812
134.55577087402344,1.287760615348816
92.98683166503906,-4.672337532043457
110.78627014160156,-0.9370665550231934
105.93011474609375,-1.1287921667099
101.95345306396484,-3.6253623962402344
121.27798461914062,-4.495728015899658
106.7110824584961,-3.308852434158325
107.27606201171875,-2.2836718559265137
102.96121978759766,-3.588238000869751
96.2712173461914,-3.081519842147827
114.3006362915039,-0.06922516971826553
114.8235855102539,-2.155949115753174
115.24423217773438,-0.21746118366718292
95.38605499267578,-0.20604345202445984
103.0474853515625,-0.8930797576904297
124.94383239746094,-0.7973202466964722
110.90846252441406,-2.583359718322754
129.74607849121094,-0.3582504391670227
123.10234832763672,-2.405390501022339
156.41171264648438,-0.41657742857933044
89.68842315673828,-1.955513834953308
89.16339874267578,-3.6404316425323486
131.32810974121094,-2.767836332321167
155.99436950683594,-2.001909017562866
127.20764923095703,-3.21616268157959
119.57588958740234,-3.4223318099975586
106.88758087158203,-4.989489555358887
123.8207778930664,-4.095849514007568
97.61772155761719,-3.586991786956787
100.05743408203125,0.5395764112472534
117.1287841796875,-0.8966542482376099
107.8594741821289,-4.548838138580322
118.5982437133789,-5.24647855758667
118.64923858642578,-6.019041061401367
120.76741790771484,-0.9962208867073059
113.19954681396484,-2.220390558242798
99.6420669555664,-4.716259956359863
139.62867736816406,-0.8928870558738708
102.91191864013672,-2.615586042404175
133.1575469970703,-5.218038082122803
130.31007385253906,-4.335561752319336
139.6423797607422,-2.3934571743011475
148.16827392578125,-4.793316841125488
131.4299774169922,-2.9159622192382812
141.8162078857422,-2.5364129543304443
103.2979736328125,-5.187248706817627
90.30801391601562,-2.5805506706237793
105.69755554199219,-0.48221126198768616
117.12625885009766,-3.8133599758148193
142.62571716308594,-1.806825876235962
113.66387939453125,-3.8774406909942627
145.54872131347656,-3.799614667892456
140.57351684570312,-1.6974667310714722
96.35545349121094,-1.4873874187469482
134.19927978515625,-5.007964611053467
125.43922424316406,-0.6428160667419434
93.62713623046875,-5.460203170776367
102.73676300048828,-2.920419216156006
119.26261138916016,-3.157628059387207
142.6061553955078,-0.07165233045816422
138.183349609375,-5.552380561828613
130.66123962402344,-2.0783579349517822
94.9546127319336,-0.12517014145851135
102.09814453125,-4.069777965545654
117.62957000732422,-0.5001661777496338
102.3868408203125,-2.4679112434387207
104.84427642822266,-1.5158175230026245
109.2962646484375,-1.8136860132217407
105.50443267822266,-3.1635971069335938
121.21336364746094,-3.109628438949585
127.40348052978516,-4.589974403381348
91.6543960571289,-3.374488115310669
140.70677185058594,-0.724159300327301
140.19728088378906,-1.0005325078964233
90.32074737548828,-3.380420207977295
133.60092163085938,-1.3189793825149536
91.3874282836914,-1.3014086484909058
104.4707260131836,-6.200006484985352
92.96989440917969,-0.19288870692253113
89.89450073242188,-0.4909669756889343
129.26556396484375,-0.22995629906654358
116.878173828125,-0.6502290368080139
102.31938171386719,-3.3381032943725586
97.52723693847656,-0.855361819267273
145.490234375,-4.297394275665283
102.53166961669922,-2.6729390621185303
109.97175598144531,-2.0381133556365967
97.34964752197266,-3.8192920684814453
117.8154296875,-4.398331165313721
89.1134262084961,-2.161442756652832
110.68660736083984,-2.3562705516815186
112.3955078125,-4.42767858505249
91.2630844116211,-5.04236364364624
124.97084045410156,0.7697160840034485
86.85778045654297,-0.7983279824256897
110.7497787475586,-0.8412871360778809
123.7561264038086,-3.6880505084991455
93.6552734375,-0.2785578668117523
129.34275817871094,-3.144782781600952
125.09098815917969,-2.033754587173462
113.81082916259766,-4.242493629455566
102.86981201171875,-2.369293451309204
97.26582336425781,-0.8649733662605286
134.65342712402344,-3.710517168045044
130.2001190185547,-1.2132822275161743
105.74457550048828,-2.151073455810547
124.58831024169922,-3.689953327178955
129.17994689941406,-6.836910247802734
88.93077087402344,-0.08884049206972122
130.58583068847656,-4.734063148498535
105.94087219238281,-2.341283082962036
150.43197631835938,-4.659088134765625
107.17642211914062,-3.0152244567871094
98.06074523925781,-1.2612152099609375
99.51132202148438,-3.4885730743408203
85.09101104736328,-4.9893479347229
111.89916229248047,-2.866535186767578
113.4205093383789,-0.9719042181968689
103.44004821777344,-2.6290199756622314
129.90121459960938,-5.756942272186279
91.43363189697266,-2.098140001296997
113.5263900756836,-1.7543307542800903
116.49754333496094,-1.2056585550308228
98.56275177001953,-3.6058835983276367
93.14069366455078,-2.650567054748535
114.81658935546875,-2.483980655670166
86.61807250976562,-0.9648739695549011
103.75232696533203,-5.63290548324585
102.72400665283203,-3.4658615589141846
116.9138412475586,-3.4078032970428467
173.5162353515625,-5.231314659118652
119.04329681396484,-6.292186260223389
84.5625228881836,-0.706119954586029
140.6576690673828,-0.44041773676872253
131.20188903808594,-0.4821454882621765
91.94220733642578,-0.7928596138954163
132.3915252685547,-5.587940216064453
100.66340637207031,1.1949366331100464
132.4482421875,-5.5152106285095215
91.09587097167969,-3.120075225830078
164.8428497314453,-0.16752350330352783
101.12339782714844,-1.9955168962478638
129.4027099609375,2.0362467765808105
139.1517791748047,-1.0734028816223145
121.8116683959961,-4.234920978546143
125.4708023071289,-4.743345737457275
108.1292953491211,-2.9910600185394287
123.3331298828125,1.3031314611434937
94.90650939941406,-4.640501976013184
110.35782623291016,-1.416673183441162
128.4569854736328,-0.8347755670547485
123.57196807861328,-4.719170570373535
130.33917236328125,-2.3542356491088867
100.29120635986328,-1.7007741928100586
110.61071014404297,-2.972510814666748
100.46692657470703,-0.6313939094543457
110.88129425048828,-1.2223230600357056
116.04862213134766,-3.5831124782562256
80.21947479248047,-2.3220701217651367
100.11299133300781,-1.5258628129959106
98.92255401611328,-3.5397286415100098
114.4095687866211,-2.5513391494750977
94.88618469238281,-3.5210423469543457
96.18421936035156,-3.7700932025909424
117.67091369628906,-2.068244218826294
103.11056518554688,-1.920033574104309
97.6763687133789,-0.8785309791564941
126.6356430053711,-1.6809922456741333
100.9004135131836,-1.1379047632217407
106.67408752441406,-2.275157928466797
104.22299194335938,-2.1820120811462402
102.11735534667969,-4.195135116577148
94.71033477783203,-2.0295445919036865
95.75652313232422,-0.24309340119361877
89.06986999511719,-1.1305533647537231
123.3937759399414,-1.5617886781692505
82.98976135253906,-3.849827527999878
83.98738861083984,-1.047899603843689
134.60971069335938,-6.402400016784668
120.20191955566406,-3.027059316635132
130.61424255371094,-2.5000205039978027
128.7740020751953,-6.106807708740234
82.59444427490234,-3.507145881652832
120.66841888427734,-3.401676654815674
115.93711853027344,-5.843273639678955
97.07273864746094,-0.9798364043235779
113.35430908203125,-1.2233450412750244
92.24369812011719,-3.7970778942108154
91.89997100830078,-0.7225568294525146
89.08746337890625,-3.086364269256592
82.97712707519531,-4.18515157699585
94.02375793457031,-2.6245689392089844
127.81768798828125,0.34540995955467224
135.3686981201172,-4.749457836151123
100.1650390625,0.9276717901229858
108.54235076904297,-2.8748481273651123
98.61296844482422,-4.609228134155273
89.2680435180664,-5.166324615478516
96.73414611816406,-5.313665866851807
133.97732543945312,0.6355936527252197
137.6940155029297,-4.845296382904053
97.09553527832031,-4.911868572235107
134.68109130859375,-3.762565851211548
88.93374633789062,-2.8710758686065674
113.4620361328125,-5.44563627243042
107.88072967529297,-0.23214268684387207
105.07622528076172,-2.189345598220825
109.1788330078125,-2.5228538513183594
121.84782409667969,-3.249253988265991
105.96046447753906,-1.971261978149414
112.13651275634766,-0.5520570278167725
94.396240234375,-3.0805375576019287
96.01982116699219,-2.532636880874634
134.28419494628906,-1.3115671873092651
92.59814453125,-0.9934431314468384
101.26512908935547,-1.8558720350265503
93.98230743408203,-1.6522908210754395
101.79634857177734,0.8639215230941772
89.7702865600586,-4.589501857757568
109.4262924194336,-4.514179706573486
99.17512512207031,-4.098265171051025
92.13658142089844,-3.075517177581787
98.7041015625,-2.101839780807495
105.391845703125,-2.3709564208984375
91.32991027832031,-3.258540630340576
98.22130584716797,-2.675546884536743
109.270263671875,-2.532904863357544
94.42301940917969,-5.403152942657471
88.716796875,-1.051587700843811
94.26107025146484,-5.526620388031006
110.56798553466797,-1.4538536071777344
98.3756332397461,-0.7607506513595581
90.70137023925781,-0.771909236907959
119.1978530883789,-1.7286558151245117
103.22325897216797,-2.8948299884796143
132.86532592773438,-4.883677005767822
85.27931213378906,-2.0643324851989746
132.01023864746094,-6.1974663734436035
112.53507995605469,-1.9201738834381104
107.11812591552734,-0.9654475450515747
98.09774017333984,-4.12263822555542
93.9716796875,-1.9192981719970703
84.43872833251953,-2.4243664741516113
90.7496337890625,-1.1684784889221191
91.31871795654297,-3.771221876144409
106.35887145996094,-3.233381509780884
86.9041748046875,-2.140385150909424
121.57195281982422,-0.09112255275249481
90.851806640625,-0.5281304717063904
118.42565155029297,-0.2889026999473572
95.96896362304688,-1.7112959623336792
85.92623901367188,-3.610541343688965
74.58671569824219,-4.19854211807251
107.97830963134766,-2.0731468200683594
77.79841613769531,-3.9516351222991943
110.79231262207031,-2.704470157623291
120.78462982177734,-1.6586624383926392
83.10809326171875,-1.7966299057006836
107.85783386230469,-5.5537590980529785
99.36395263671875,0.03750293701887131
82.85612487792969,-1.1197636127471924
91.1629409790039,-3.84686541557312
94.0636215209961,-1.9450355768203735
89.28883361816406,-2.2881503105163574
101.2422103881836,-3.8746790885925293
109.68635559082031,-2.0371503829956055
130.8467254638672,-4.221170902252197
75.97367858886719,-0.3071068227291107
121.73127746582031,-3.322659730911255
79.64228820800781,-1.347038984298706
111.0080337524414,-1.3962273597717285
86.29325103759766,-2.531216859817505
95.27898406982422,-2.2679359912872314
105.74142456054688,-3.255369186401367
113.13589477539062,0.5574038028717041
92.22616577148438,-1.814457654953003
99.9942855834961,-3.120945453643799
101.32601165771484,-1.759558081626892
101.22176361083984,-1.497649073600769
87.48741149902344,-0.6401580572128296
93.8234634399414,-2.6510839462280273
94.081787109375,-2.7573232650756836
83.14185333251953,-2.908374309539795
86.91458129882812,-5.318206787109375
90.85052490234375,-2.046353340148926
96.16352081298828,-3.530919313430786
87.13265228271484,-1.9876238107681274
85.2844467163086,-2.2303221225738525
88.70455169677734,-3.858959913253784
97.09300231933594,-3.5277061462402344
135.3217010498047,-4.703564643859863
87.30784606933594,-2.719527006149292
89.15113830566406,-1.2997331619262695
79.9150619506836,-1.8930038213729858
121.71570587158203,-6.23802375793457
89.41012573242188,-5.0595574378967285
92.40817260742188,-0.6663315296173096
111.59984588623047,-4.305100917816162
78.43113708496094,-2.3908586502075195
103.76509857177734,-3.0632224082946777
108.12926483154297,-4.791257381439209
77.42293548583984,-2.002352476119995
86.97486877441406,-3.1170268058776855
114.0622329711914,-2.127824544906616
127.86287689208984,-2.908700466156006
91.04662322998047,-2.9844226837158203
80.47126770019531,-2.157055139541626
76.07963562011719,-2.8819127082824707
92.17887115478516,-2.7103779315948486
93.76564025878906,-3.1640572547912598
91.52671813964844,-1.2803417444229126
121.56781005859375,-2.4244768619537354
108.6559829711914,-2.29195237159729
80.90087890625,-5.500349044799805
91.18941497802734,-2.105294942855835
97.72593688964844,-0.8081368207931519
90.61773681640625,-4.8146891593933105
106.67507934570312,-1.8427602052688599
95.8396987915039,-2.24074387550354
128.77871704101562,-1.8428282737731934
135.3647918701172,-2.837728977203369
98.74203491210938,-3.7107393741607666
94.33670043945312,-2.201885461807251
80.8010482788086,-1.0957038402557373
87.29764556884766,-3.172746419906616
103.33200073242188,-4.701461315155029
98.06925201416016,-1.4068619012832642
81.75514221191406,-0.8802759647369385
78.5644302368164,-2.551536798477173
83.95295715332031,-3.0391781330108643
126.60785675048828,-0.5513038039207458
101.58380126953125,-3.003221273422241
102.1747055053711,-0.857940137386322
85.7586669921875,-1.5691245794296265
107.45226287841797,-1.6889469623565674
80.7088623046875,-1.633284330368042
91.1498794555664,-2.8921360969543457
76.41177368164062,-2.1362075805664062
116.41891479492188,-2.198922872543335
83.51628112792969,-2.571850061416626
70.55155181884766,-0.7041279077529907
109.75106811523438,-2.62827467918396
136.56863403320312,-2.8279409408569336
93.55142974853516,-4.430789947509766
79.79521942138672,-0.9079939723014832
93.67618560791016,-1.8217051029205322
81.76227569580078,-5.063719749450684
99.36884307861328,-0.25976160168647766
102.4332504272461,-2.7281453609466553
84.4725570678711,-2.2343335151672363
77.21202087402344,-3.2092645168304443
97.45960998535156,-3.1187655925750732
77.44100189208984,-1.0239036083221436
79.7701416015625,-2.238892078399658
89.25130462646484,-4.328780174255371
84.33576202392578,-2.6012961864471436
114.73834991455078,-3.3730854988098145
89.04263305664062,-4.095461368560791
86.90982055664062,-2.498915433883667
105.17853546142578,-1.792194128036499
80.67271423339844,-1.2442290782928467
75.34053802490234,-4.4031081199646
120.53988647460938,-1.5162696838378906
86.2603759765625,-2.1728127002716064
74.70758819580078,-2.249786376953125
130.6674041748047,-3.079665422439575
77.7409439086914,-3.9117729663848877
85.73455810546875,-2.197152614593506
86.22962188720703,-3.1455001831054688
101.33619689941406,-2.924473762512207
135.30599975585938,-2.398252010345459
78.44044494628906,-2.335232734680176
95.7656478881836,-0.7382820844650269
96.0178451538086,-2.680461883544922
89.40141296386719,-3.2730422019958496
94.61075592041016,-1.7326869106160103e-12
82.31006622314453,-3.1392464582696844e-12
82.18064880371094,-4.705603122711182
85.13105010986328,-3.3911683559417725
99.28089141845703,-2.2524795532226562
109.11803436279297,-1.9071224927902222
108.05022430419922,-1.8172800540924072
94.83025360107422,-4.058355331420898
129.13140869140625,-0.6979187726974487
93.22649383544922,-3.3893492221832275
89.38575744628906,-2.139009714126587
105.32160186767578,-1.828891634941101
106.24122619628906,-1.5365474224090576
84.59812927246094,-0.20606520771980286
93.62714385986328,-5.555924415588379
86.35966491699219,-4.4391350746154785
92.55379486083984,-2.4509475231170654
97.53518676757812,-2.234226703643799
87.45349884033203,-3.6819183826446533
78.84573364257812,-1.381643533706665
96.94931030273438,-2.0139336585998535
82.77123260498047,-1.9199421405792236
86.89559936523438,-5.9747679893862315e-12
92.59938049316406,-1.9617072343826294
70.87942504882812,-3.729090452194214
72.49777221679688,-2.76615834236145
69.82859802246094,-3.495049238204956
85.7392807006836,-3.76310658454895
79.57649993896484,-0.6981005072593689
85.34854888916016,-3.0652987957000732
89.73847961425781,-4.465755939483643
85.79524993896484,-6.189376354217529
73.42204284667969,-0.624359667301178
95.48574829101562,-1.411698818206787
108.38126373291016,-1.0922592878341675
78.68870544433594,-2.542140245437622
83.42741394042969,-3.0645718574523926
88.17911529541016,-4.495862007141113
87.3062973022461,-3.5285820960998535
77.52921295166016,-0.7495853304862976
76.58743286132812,-1.8087691068649292
102.26534271240234,-4.649186134338379
83.8766098022461,-1.3606696128845215
116.5629653930664,-2.5921196937561035
69.06661224365234,-2.8604631423950195
111.21240997314453,-1.9372409582138062
77.06103515625,-2.3885364532470703
137.78436279296875,0.08273547142744064
83.17375946044922,-1.5020897388458252
85.17012023925781,-2.5919177532196045
127.27133178710938,-1.4176901578903198
107.49827575683594,-1.3437646627426147
108.81773376464844,-1.5498807430267334
109.73395538330078,-2.027961492538452
83.22590637207031,-2.4718804359436035
86.13129425048828,-4.389087200164795
100.69297790527344,-3.7075610160827637
77.15361785888672,-3.403441905975342
107.64419555664062,-2.007390260696411
103.22911071777344,-2.5201361179351807
126.02227783203125,-1.2911012172698975
110.52230072021484,-2.4500834941864014
105.94676971435547,-1.3218230676681486e-10
85.6197738647461,-2.652172803878784
104.29025268554688,-4.221395492553711
76.08104705810547,-2.176194667816162
93.9765853881836,-2.6963131427764893
78.35404968261719,-0.32293403148651123
82.86254119873047,-4.876903533935547
72.4532241821289,-3.678358399122894e-12
96.6746597290039,-3.6116607189178467
100.70756530761719,-0.04567428305745125
88.77931213378906,-2.9682562351226807
81.83103942871094,-1.2223302125930786
76.95668029785156,-0.8117474317550659
100.39865112304688,-1.2796311378479004
80.497802734375,-3.583646059036255
92.86175537109375,-3.773240089416504
75.90328979492188,-2.7847559452056885
71.82723236083984,-5.63830041885376
90.29753875732422,-1.3326412439346313
114.15258026123047,-0.8896178603172302
90.07087707519531,-2.9981369972229004
67.69393920898438,-1.997614860534668
119.1085205078125,-1.8468879461288452
84.28231048583984,-2.896418809890747
89.30860137939453,-1.8270620107650757
82.01387023925781,-1.1604441404342651
91.09749603271484,-3.625532865524292
83.93585205078125,-3.482393264770508
93.85222625732422,-2.1422877311706543
102.71920776367188,-1.78314208984375
87.61481475830078,-2.9639785289764404
91.48380279541016,-1.5730243921279907
73.08317565917969,-2.493764743316529e-13
99.17162322998047,-1.450504183769226
79.7081069946289,-2.7870845822203227e-12
68.59191131591797,-5.265871831465485e-13
91.37643432617188,-2.970806837081909
84.47306060791016,-5.614121913909912
75.41901397705078,-0.9621918797492981
101.65325927734375,-2.446215867996216
94.28179168701172,-1.260456919670105
78.20072174072266,-2.349552869796753
71.23895263671875,-2.025205612182617
79.72364807128906,-3.9063832759857178
101.67579650878906,-2.5480518341064453
72.49343872070312,-8.327095957216812e-12
85.50886535644531,-2.0730190133932958e-11
63.02290725708008,-4.939985275268555
83.90200805664062,-2.602027654647827
99.55953216552734,0.08010156452655792
73.71170806884766,-1.5883628129959106
83.28988647460938,-2.50510835647583
82.36892700195312,-1.089868187904358
95.08113861083984,-1.7881478090765734e-13
74.34371948242188,-2.570446014404297
72.08928680419922,-2.1538076400756836
95.21142578125,-2.2324819564819336
82.26383972167969,-2.84623646736145
81.39611053466797,-2.474186420440674
70.57550811767578,-0.833273708820343
94.18135833740234,-3.0732028484344482
80.74867248535156,-1.914027452468872
79.2142562866211,0.0014288593083620071
71.47738647460938,-1.8626487255096436
72.18181610107422,-1.9836454391479492
75.09558868408203,-4.908491611480713
83.31306457519531,-0.3192515969276428
117.03255462646484,-2.0465896129608154
86.19165802001953,-2.5747909545898438
128.9375,-2.967008352279663
84.80635070800781,-1.700585126876831
96.2442398071289,-0.59383624792099
86.63160705566406,-5.163537502288818
112.55172729492188,-2.1167705059051514
79.7960433959961,-3.1486494541168213
74.930419921875,-1.8691567182540894
91.74260711669922,-2.389620065689087
86.93293762207031,-0.9270283579826355
73.87609100341797,-0.8391022682189941
101.99779510498047,-1.378127932548523
74.89508819580078,-0.8931891322135925
63.99013900756836,-2.933617115020752
73.16278839111328,-3.498206377029419
87.3783950805664,0.5569887161254883
78.28781127929688,-3.6907031536102295
72.71463012695312,-2.5650601387023926
75.74443054199219,-5.403766878409044e-10
88.86195373535156,-2.847975969314575
93.32134246826172,-2.7493040561676025
103.3064956665039,-2.6478593349456787
86.34202575683594,-1.5352628231048584
68.4443359375,-2.649271011352539
74.25956726074219,-1.0554763078689575
105.91075134277344,-1.9600752592086792
102.72480773925781,0.10188114643096924
122.35751342773438,-0.833528995513916
72.6778335571289,-2.254793405532837
74.05433654785156,-1.674316644668579
75.83436584472656,-2.8476083278656006
102.69938659667969,-3.0714213848114014
98.37960815429688,-2.2911689281463623
73.91494750976562,-1.667181134223938
75.2140884399414,-1.957890272140503
75.98206329345703,-1.050057291984558
68.71114349365234,-1.8915040493011475
63.17356872558594,-1.517215371131897
77.09500122070312,-2.1151602268218994
92.56507110595703,-5.393865909475437e-12
102.01983642578125,0.7539284825325012
84.18901824951172,-0.8741162419319153
115.86892700195312,-1.7590515613555908
118.18924713134766,-2.4990508556365967
86.28262329101562,-5.028295516967773
117.2686767578125,-2.6582107543945312
64.89008331298828,-3.280611038208008
76.8070297241211,-2.589632749557495
69.34293365478516,-1.8144350051879883
74.95748138427734,-0.4850905239582062
76.0701904296875,-2.5255868434906006
119.1349868774414,-0.7869760990142822
88.50281524658203,-1.9959341287612915
76.4157943725586,-4.157228946685791
70.56138610839844,-3.7785379886627197
68.70462036132812,-1.3947480916976929
79.77745056152344,-3.643721342086792
129.03659057617188,-1.2030409574508667
74.90086364746094,-3.3148651123046875
91.0033950805664,-4.380692481994629
74.33018493652344,-1.3536961078643799
104.503173828125,-2.642042617670426e-12
73.34477233886719,-2.072822332382202
100.2469711303711,-1.2540996074676514
110.09199523925781,-1.6646677255630493
64.6962890625,-2.411360025405884
79.77045440673828,-0.9783902764320374
67.61131286621094,-2.987809658050537
124.46630096435547,-3.2352473735809326
100.92220306396484,-2.119098424911499
68.79486846923828,-3.8671164512634277
68.79341125488281,-1.7827714681625366
85.24454498291016,-1.427126407623291
86.48912811279297,-1.0082284212112427
99.94115447998047,-2.4184083938598633
64.86820220947266,-3.676726891693738e-12
84.77519226074219,0.05685608088970184
76.64978790283203,-1.6264392137527466
83.79129791259766,-1.0386056900024414
85.87313079833984,-4.195343017578125
99.14444732666016,-1.6592292928605153e-14
79.12163543701172,-0.9507774114608765
92.09264373779297,-7.728353005297117e-14
101.25641632080078,-4.582249641418457
75.17547607421875,-3.36612606048584
92.13872528076172,-4.312696933746338
79.565185546875,-2.466768503189087
106.6011962890625,-1.1873136758804321
106.32689666748047,-1.3506702184677124
75.9912109375,-3.1571624279022217
68.83654022216797,-2.322061777114868
83.62200164794922,-0.8430304527282715
120.4685287475586,-3.2194814682006836
63.40699005126953,-3.848230870247271e-13
69.42875671386719,-1.870723009109497
80.75582885742188,-0.9499641060829163
74.80335235595703,-1.6350098848342896
68.87984466552734,-0.12077783793210983
88.3129653930664,-0.8591107130050659
70.8253402709961,-2.402548313140869
84.192138671875,-2.9411208629608154
89.18317413330078,-2.7084147930145264
84.29019927978516,-4.407583236694336
73.98831939697266,-1.7040640115737915
68.4689712524414,-2.4506938457489014
79.30037689208984,-3.437450408935547
68.984130859375,-1.1654855032461331e-11
76.25922393798828,-1.7301539182662964
103.02715301513672,-0.892261266708374
82.54962158203125,-1.0107232332229614
101.53597259521484,-0.8251456022262573
67.68618774414062,-1.8419573307037354
80.44373321533203,-2.2612924575805664
78.00684356689453,-2.5108895301818848
86.06685638427734,-1.478641390800476
88.21868133544922,-1.562099814414978
73.55962371826172,-2.529736280441284
70.5739517211914,-2.011664628982544
90.85694122314453,-2.970005512237549
79.94979095458984,-0.15707066655158997
65.13229370117188,-3.620072178221051e-13
70.34468078613281,-5.184779644012451
63.902915954589844,-2.498023748397827
93.31800842285156,-0.693684995174408
63.90726089477539,-5.92297817237665e-14
69.88316345214844,-0.2311573624610901
72.8994369506836,-1.1292774677276611
69.92306518554688,-1.2374507188796997
75.76586151123047,-0.7556250691413879
71.47355651855469,-1.0480988025665283
66.32698822021484,-4.0846662521362305
61.438323974609375,-2.1660839354814554e-12
65.7576675415039,-1.3444957733154297
72.48255920410156,-1.1633601188659668
87.62323760986328,-0.8998423218727112
62.142669677734375,-3.1014846588314424e-14
90.96630096435547,-0.6820997595787048
96.334228515625,-3.3204636573791504
66.87213897705078,-3.0166070461273193
57.73527145385742,-2.1415598392486572
68.79708862304688,-2.823880910873413
81.46324920654297,-2.904809368303035e-13
69.93441772460938,-3.128917694091797
64.78621673583984,-1.8359787464141846
71.73794555664062,-1.0011814511115547e-12
71.9161148071289,-2.1502131943452324e-13
98.86514282226562,-0.805009663105011
74.8510971069336,-6.408742904663086
61.87214279174805,-2.043909788131714
61.13492202758789,-2.5335164070129395
103.23270416259766,-3.061556339263916
64.23654174804688,-2.384706497192383
61.1190185546875,-2.9337728023529053
108.99989318847656,-1.0856976509094238
84.4112777709961,-0.8350507616996765
81.19158172607422,-1.7196091413497925
76.34349060058594,-2.4231715202331543
89.69426727294922,-1.8745739459991455
64.17839813232422,-0.5596371293067932
68.41893768310547,-0.7332096099853516
74.89710235595703,-0.7104274034500122
110.27507781982422,-1.4531863927841187
105.01009368896484,-0.44625911116600037
81.61056518554688,-4.937250261405346e-12
69.39161682128906,-2.4523801803588867
97.07955932617188,-0.8025615811347961
64.38331604003906,-0.832635223865509
63.732444763183594,-1.396968126296997
97.76854705810547,-5.125369312991568e-12
78.04180908203125,0.10551849007606506
71.11653137207031,-2.2138242721557617
83.87337493896484,-1.3857019698360062e-10
88.95973205566406,-6.999286133319016e-12
73.41194915771484,-4.657647490889823e-14
86.9131088256836,-0.7548252940177917
94.77735137939453,-1.1430109739303589
67.43426513671875,-2.127736806869507
70.72187042236328,-1.8972772571762553e-12
83.89220428466797,-1.1132143123981919e-10
60.761802673339844,-1.7810372114181519
89.13317108154297,-0.6969963908195496
78.20787048339844,-0.8615351319313049
77.49700927734375,-1.0153430700302124
92.2069320678711,-2.1770499899348428e-12
75.6991958618164,-4.000688552856445
81.36568450927734,-0.7906968593597412
81.40445709228516,-3.8473581959186376e-12
83.05158996582031,-0.795585572719574
96.4769287109375,-4.989980650904613e-11
67.09432983398438,-4.458985992803399e-15
86.01554107666016,-2.193429708480835
85.90901947021484,-0.8081470727920532
76.08507537841797,-2.7053840582564248e-15
76.80039978027344,-1.6847592765323327e-11
77.61064147949219,-2.068051338195801
72.73558807373047,-2.164280414581299
73.6316146850586,-4.354127735445301e-12
66.0361557006836,-1.2078298330307007
95.8606948852539,-1.49965109774719e-11
81.10289764404297,-3.2632787227630615
73.63445281982422,-2.169018268585205
88.91869354248047,-0.8135849237442017
67.54960632324219,-1.3722652196884155
93.30663299560547,-1.5654046535491943
73.6319351196289,-0.9182910919189453
79.52738189697266,-2.97118530950477e-13
64.33718872070312,-4.3241731267733285e-13
69.75929260253906,-1.1805040836334229
72.64202880859375,-8.347998941421464e-14
72.62416076660156,-1.0249426364898682
71.9674301147461,-2.287869763431538e-12
72.9543685913086,-1.4716457219510204e-11
73.93186950683594,-1.1266146898269653
83.9241943359375,-1.5237557888031006
92.50544738769531,-0.6852316856384277
84.70711517333984,-1.427603840827942
88.83888244628906,-1.4814090709344696e-12
92.67339324951172,-2.5344672203063965
76.79806518554688,-6.415578788707132e-13
81.15589904785156,-0.8990079760551453
80.52947998046875,-1.8376005740932538e-13
93.16381072998047,-4.913217727629815e-13
89.36769104003906,-4.4868517234952776e-10
