episode,reward,action_entropy,z_norm,actions
1,-3442.4871794871797,2.0791268348693848,3.3446616964575684,"Counter({1: 13, 0: 12, 3: 12, 4: 12, 6: 11, 7: 8, 5: 7, 2: 6})"
2,-1466.7692307692307,2.0756914615631104,2.3093420101536646,"Counter({4: 7, 2: 6, 1: 6, 0: 4, 5: 4, 3: 3, 7: 3, 6: 3})"
3,-1567.2619047619048,1.8876229524612427,2.879398954998363,"Counter({1: 12, 2: 11, 3: 8, 5: 7, 4: 5, 0: 5, 7: 4, 6: 3})"
4,-291.45238095238096,1.4656449556350708,3.0425851765800926,"Counter({1: 16, 2: 14, 0: 13, 3: 6, 7: 2})"
5,-201.25641025641025,1.3538382053375244,2.906449806122553,"Counter({2: 11, 0: 4, 3: 3, 1: 3})"
6,-171.4871794871795,1.261715292930603,2.6579099184757955,"Counter({2: 12, 0: 12, 1: 11, 3: 2})"
7,-186.74358974358975,1.1544749736785889,2.741760348280271,"Counter({1: 13, 0: 6, 2: 4, 3: 1})"
8,-189.04761904761907,1.0746897459030151,2.691091706012857,"Counter({1: 15, 0: 9, 2: 5})"
9,-254.49999999999997,0.22213290631771088,2.1369005831388326,"Counter({0: 45, 3: 6, 7: 1})"
10,-348.12820512820514,0.5654714703559875,2.14198452157852,"Counter({0: 60, 3: 6, 2: 5, 7: 4, 1: 3})"
11,-868.604761904762,1.1482841968536377,2.0193606317043304,"Counter({0: 54, 3: 19, 2: 17, 7: 12, 1: 12, 4: 1, 5: 1})"
12,-252.69047619047618,0.6378315091133118,2.0374543632779805,"Counter({0: 21, 3: 6, 2: 5, 1: 3})"
13,-474.40476190476187,1.1552467346191406,2.140223028867141,"Counter({0: 30, 2: 17, 3: 10, 1: 7, 7: 5})"
14,-596.4333333333333,1.1792188882827759,2.006356290112371,"Counter({0: 52, 3: 25, 2: 20, 1: 10, 7: 8})"
15,-234.83870967741933,0.9846373200416565,2.0696175711495535,"Counter({0: 18, 1: 6, 2: 6, 3: 5})"
16,-244.63440860215053,0.8831591606140137,2.0913520617918535,"Counter({0: 18, 2: 6, 1: 5, 3: 4})"
17,-816.9128205128204,1.002778172492981,2.2759132504463198,"Counter({0: 54, 3: 19, 7: 13, 1: 10, 2: 9})"
18,-247.41935483870967,0.5538108348846436,1.9018450256656199,"Counter({0: 22, 3: 6, 1: 3, 2: 3})"
19,-607.1846153846153,1.1760562658309937,2.048663690322783,"Counter({0: 37, 3: 15, 1: 12, 2: 10, 7: 8})"
20,-339.7956989247312,0.9691452383995056,2.011065226612669,"Counter({0: 18, 3: 8, 2: 5, 7: 2})"
21,-246.69047619047618,0.7408680319786072,2.0107298294703164,"Counter({0: 23, 3: 6, 2: 5, 1: 2})"
22,-321.0952380952381,0.9981350898742676,2.101717550754547,"Counter({0: 27, 2: 8, 1: 8, 3: 5, 7: 2})"
23,-198.59677419354838,1.3646172285079956,2.0884997682137922,"Counter({2: 16, 3: 12, 1: 10, 0: 3, 7: 2, 5: 1})"
24,-282.8279569892473,1.0306155681610107,2.13137315165612,"Counter({0: 14, 1: 7, 3: 5, 2: 4, 7: 1})"
25,-322.6820512820513,0.5330533385276794,2.235623037990402,"Counter({0: 52, 1: 5, 3: 5, 7: 3, 2: 3})"
26,-659.051282051282,0.8544180393218994,2.1159918162711833,"Counter({0: 49, 3: 14, 1: 10, 7: 8, 2: 4, 5: 1})"
27,-322.48387096774195,0.8308369517326355,2.071626161114644,"Counter({0: 33, 3: 9, 2: 9, 1: 6, 7: 2})"
28,-1656.7190476190476,1.3467695713043213,2.097836740496682,"Counter({0: 45, 3: 37, 2: 31, 7: 27, 1: 23, 5: 1})"
29,-881.1948717948717,1.1923788785934448,2.0820194583543588,"Counter({0: 61, 2: 26, 1: 22, 3: 19, 7: 14})"
30,-515.1047619047619,1.0346450805664062,2.0661423452969254,"Counter({0: 33, 2: 8, 3: 6, 7: 6, 1: 5})"
31,-1093.928205128205,1.358219027519226,2.125294844482256,"Counter({0: 37, 1: 23, 2: 21, 7: 18, 3: 16})"
32,-1438.6717948717946,1.5176498889923096,2.06769145488739,"Counter({2: 53, 0: 50, 3: 41, 7: 32, 1: 24})"
33,-379.90322580645164,0.6002762317657471,2.2630113131040104,"Counter({0: 48, 1: 11, 2: 9, 3: 5, 7: 4})"
34,-563.9032258064516,0.8558388352394104,2.1189893021166903,"Counter({0: 53, 3: 21, 1: 11, 2: 10, 7: 8})"
35,-676.2043010752687,1.0293859243392944,2.135655334626121,"Counter({0: 29, 3: 20, 1: 17, 2: 12, 7: 9})"
36,-284.77619047619044,0.49888232350349426,2.1204668429162767,"Counter({0: 34, 3: 7, 2: 2, 7: 1, 1: 1})"
37,-634.3548387096773,1.059594988822937,2.15704976447991,"Counter({0: 27, 1: 19, 3: 19, 2: 11, 7: 8})"
38,-1761.2190476190476,1.3396486043930054,2.014268661116032,"Counter({0: 58, 2: 43, 7: 32, 1: 29, 3: 26})"
39,-585.5846153846153,0.9738935828208923,1.9201829996373918,"Counter({0: 31, 3: 13, 1: 13, 2: 8, 7: 7})"
40,-1868.5076923076924,1.5804128646850586,2.0097720289230345,"Counter({2: 46, 0: 42, 3: 42, 7: 41, 1: 29})"
41,-212.09677419354836,0.2622460424900055,2.136513403870843,"Counter({0: 37, 3: 4, 2: 2, 1: 1})"
42,-254.07142857142856,0.5148869752883911,2.1791885828567765,"Counter({0: 45, 1: 5, 2: 4, 3: 4, 7: 1})"
43,-1604.4428571428573,1.2135932445526123,2.1822029175180377,"Counter({0: 61, 3: 33, 7: 29, 2: 23, 1: 19})"
44,-210.75268817204298,0.4177839159965515,2.1246934122509424,"Counter({0: 37, 1: 4, 3: 4})"
45,-502.54761904761904,0.9453281164169312,2.123604046887365,"Counter({0: 50, 3: 13, 2: 12, 1: 6, 7: 5, 5: 1})"
46,-1209.4538461538461,1.235947847366333,2.050892825126648,"Counter({0: 78, 3: 41, 2: 29, 7: 25, 1: 24, 6: 2, 4: 1})"
47,-765.7095238095237,1.093234658241272,2.0718022794950577,"Counter({0: 41, 2: 24, 3: 17, 1: 12, 7: 11})"
48,-491.0322580645161,0.9025146961212158,2.0049995122284723,"Counter({0: 24, 3: 14, 2: 8, 1: 7, 7: 5})"
49,-624.5,0.8744251728057861,2.3351558395611343,"Counter({0: 57, 3: 12, 1: 10, 7: 8, 2: 5, 4: 1})"
50,-173.2820512820513,0.2934507131576538,2.2036356036945923,"Counter({0: 52, 3: 3, 1: 2, 2: 2})"
51,-246.7849462365591,0.4274875521659851,2.086397153359872,"Counter({0: 43, 3: 5, 1: 5, 7: 1})"
52,-253.28205128205127,0.42167383432388306,2.1704942882061005,"Counter({0: 42, 3: 5, 1: 4, 2: 4, 7: 1})"
53,-404.8666666666667,0.6914743781089783,2.1876873517858573,"Counter({0: 58, 2: 11, 1: 7, 3: 6, 7: 5})"
54,-792.4677419354838,0.9028934240341187,2.1853865149209826,"Counter({0: 60, 3: 25, 1: 25, 2: 16, 7: 13})"
55,-263.15714285714284,0.5596552491188049,2.2158217430114746,"Counter({0: 42, 1: 5, 3: 5, 2: 4, 7: 1})"
56,-191.2820512820513,0.3244417905807495,2.167000481895372,"Counter({0: 46, 3: 5})"
57,-559.0967741935483,0.6882807016372681,2.0863631488503636,"Counter({0: 38, 3: 16, 1: 7, 7: 7, 2: 6})"
58,-644.2820512820513,0.5440974831581116,2.0584017540727344,"Counter({0: 50, 7: 8, 3: 7, 2: 2, 1: 2, 6: 1})"
59,-201.32857142857142,0.39777255058288574,2.1985626640143217,"Counter({0: 46, 2: 3, 3: 3, 1: 2})"
60,-608.0967741935483,0.7598043084144592,2.261532064846584,"Counter({0: 55, 1: 21, 3: 12, 7: 9, 2: 8})"
61,-206.09677419354836,0.30074435472488403,2.0312551736831663,"Counter({0: 39, 3: 5, 2: 1})"
62,-319.5,0.5057329535484314,2.3113036134026266,"Counter({0: 40, 3: 8, 2: 5, 7: 2})"
63,-212.09677419354836,0.3404461443424225,2.27079956687015,"Counter({0: 37, 1: 4, 2: 3, 3: 2})"
64,-431.8205128205128,0.5546774864196777,2.261600124835968,"Counter({0: 49, 3: 7, 1: 5, 7: 5, 2: 4})"
65,-194.2820512820513,0.3170129358768463,2.1643658440846663,"Counter({0: 45, 1: 5, 3: 1, 2: 1})"
66,-296.4512820512821,0.5164933204650879,2.3078168731624795,"Counter({0: 44, 1: 8, 3: 3, 2: 2, 7: 2})"
67,-556.0967741935483,0.6762744784355164,2.2499720462854356,"Counter({0: 39, 3: 8, 1: 8, 7: 7, 2: 7})"
68,-268.09677419354836,0.2952882647514343,2.297000281016032,"Counter({0: 37, 1: 3, 3: 3, 2: 1, 5: 1})"
69,-506.3655913978494,0.6432214975357056,2.253867972598356,"Counter({0: 48, 1: 13, 3: 10, 2: 8, 7: 5, 4: 1})"
70,-470.5999999999999,0.7099929451942444,2.257352346597716,"Counter({0: 56, 3: 14, 7: 6, 2: 6, 1: 4})"
71,-536.1142857142856,0.8219467401504517,2.2020632199943067,"Counter({0: 51, 3: 12, 7: 7, 1: 7, 2: 3})"
72,-345.11428571428576,0.5938404202461243,2.1577037970225015,"Counter({0: 48, 3: 8, 2: 7, 7: 3, 1: 3})"
73,-852.9428571428571,0.9878513813018799,2.2266474595436683,"Counter({0: 62, 3: 15, 7: 14, 2: 14, 1: 12})"
74,-219.5,0.3585825264453888,2.2087364089488983,"Counter({0: 40, 3: 5, 1: 3, 2: 2})"
75,-188.2820512820513,0.31770309805870056,2.28650294817411,"Counter({0: 47, 3: 3, 2: 2})"
76,-484.7096774193548,0.5869433283805847,2.15217242969407,"Counter({0: 46, 3: 13, 7: 6, 1: 5, 2: 2})"
77,-225.5,0.39468392729759216,2.283620665682123,"Counter({0: 38, 2: 6, 3: 2, 1: 1})"
78,-439.15714285714284,0.7794827222824097,2.2521492257530307,"Counter({0: 50, 1: 12, 3: 8, 2: 6, 7: 5})"
79,-414.05128205128204,0.5914011597633362,2.117349001566569,"Counter({0: 55, 3: 9, 7: 5, 2: 3, 1: 3})"
80,-245.15714285714284,0.4239732027053833,2.1005947840841195,"Counter({0: 48, 3: 4, 1: 2, 2: 2, 7: 1})"
81,-179.2820512820513,0.2352634072303772,2.2798106891137584,"Counter({0: 50, 1: 2, 3: 2})"
82,-416.74285714285713,0.9069044589996338,2.2121705009091284,"Counter({0: 57, 1: 12, 2: 10, 3: 9, 7: 5})"
83,-961.7285714285715,1.0109087228775024,2.2115589505241764,"Counter({0: 59, 1: 21, 7: 16, 2: 14, 3: 14})"
84,-318.8051282051282,0.4297289550304413,2.2242773127934288,"Counter({0: 53, 3: 4, 7: 3, 1: 2, 2: 1})"
85,-607.6720430107526,0.7313433885574341,2.2186585378890133,"Counter({0: 54, 3: 14, 2: 13, 1: 8, 7: 8, 5: 1})"
86,-353.9897435897436,0.5986076593399048,2.2102212100415617,"Counter({0: 58, 3: 7, 7: 4, 1: 3, 2: 2})"
87,-207.5,0.40433621406555176,2.2050050317116505,"Counter({0: 44, 3: 4, 2: 4, 1: 1})"
88,-210.5,0.3853643536567688,2.089530535772735,"Counter({0: 43, 2: 4, 3: 3, 1: 1})"
89,-307.15714285714284,0.5245323777198792,2.163287330092045,"Counter({0: 44, 3: 7, 2: 3, 7: 2, 1: 1})"
90,-329.28205128205127,0.39091387391090393,2.170544551264855,"Counter({0: 50, 2: 3, 1: 3, 3: 3, 7: 3})"
91,-813.9571428571428,1.0111993551254272,2.3377710146324655,"Counter({0: 58, 2: 17, 7: 13, 3: 13, 1: 6})"
92,-198.5,0.3972332775592804,2.2627661802939008,"Counter({0: 47, 1: 4, 2: 3, 3: 2})"
93,-204.32857142857142,0.38998037576675415,2.216958217895948,"Counter({0: 45, 3: 4, 2: 3})"
94,-605.2820512820513,0.5580437183380127,2.1953664954219545,"Counter({0: 58, 7: 9, 3: 6, 1: 6, 2: 5})"
95,-1312.9,1.0388619899749756,2.259702483812968,"Counter({0: 56, 7: 20, 3: 20, 1: 17, 2: 14, 6: 1, 4: 1})"
96,-238.36559139784944,0.3919171392917633,2.209016231695811,"Counter({0: 45, 3: 7, 2: 4, 1: 3, 7: 1})"
97,-391.9428571428571,0.601492702960968,2.2010508407564724,"Counter({0: 49, 3: 6, 2: 5, 1: 4, 7: 4})"
98,-1051.0,1.0683584213256836,2.1863826409785334,"Counter({0: 79, 3: 26, 2: 25, 7: 19, 1: 18})"
99,-345.91282051282053,0.507530689239502,2.1322976306632713,"Counter({0: 61, 2: 7, 3: 6, 7: 4, 1: 3})"
100,-1276.2666666666667,0.9467082023620605,2.2226340698032843,"Counter({0: 84, 3: 25, 7: 24, 1: 16, 2: 15})"
101,-565.5,0.7866693735122681,2.200152111296751,"Counter({0: 58, 3: 17, 1: 9, 7: 8, 2: 6})"
102,-179.2820512820513,0.28152209520339966,2.0713505062189967,"Counter({0: 50, 3: 2, 1: 2, 2: 1})"
103,-212.09677419354836,0.22725796699523926,2.384986112284106,"Counter({0: 37, 3: 5, 1: 1})"
104,-949.5999999999999,0.9596254825592041,2.228291926176652,"Counter({0: 63, 7: 16, 3: 14, 2: 12, 1: 10})"
105,-262.09677419354836,0.36860182881355286,2.2722366115321284,"Counter({0: 37, 1: 5, 3: 2, 7: 1, 2: 1})"
106,-770.4285714285713,0.9002068042755127,2.272679008999649,"Counter({0: 56, 7: 12, 3: 11, 1: 11, 2: 8})"
107,-409.0967741935484,0.6284641027450562,2.2077482891461204,"Counter({0: 38, 1: 8, 3: 8, 2: 5, 7: 4})"
108,-309.0967741935484,0.47149786353111267,2.290493668250318,"Counter({0: 38, 1: 5, 3: 5, 2: 3, 7: 2})"
109,-836.1589743589743,0.828576385974884,2.238582664394971,"Counter({0: 97, 3: 22, 7: 16, 1: 13, 2: 13})"
110,-451.07142857142856,0.7854099273681641,2.2245589510186927,"Counter({0: 46, 2: 13, 3: 7, 1: 6, 7: 5})"
111,-596.6612903225806,0.8189303278923035,2.225677103131682,"Counter({0: 42, 3: 21, 1: 10, 2: 10, 7: 8})"
112,-364.2820512820513,0.6476485729217529,2.272665786890336,"Counter({0: 55, 2: 9, 3: 9, 7: 4, 1: 4})"
113,-303.28205128205127,0.4056643843650818,2.0947374488626207,"Counter({0: 42, 3: 6, 2: 3, 1: 3, 7: 2})"
114,-245.49999999999997,0.4935646653175354,2.3695841102764525,"Counter({0: 48, 2: 4, 3: 3, 1: 2, 7: 1})"
115,-226.2820512820513,0.34934210777282715,2.2217486721854054,"Counter({0: 51, 3: 5, 2: 3, 1: 2, 7: 1})"
116,-209.09677419354836,0.2823464274406433,2.4144163211186727,"Counter({0: 38, 3: 4, 1: 2, 2: 1})"
117,-301.5967741935484,0.46177437901496887,2.130606247828557,"Counter({0: 39, 2: 5, 3: 3, 1: 3, 4: 1, 7: 1})"
118,-212.09677419354836,0.2568282186985016,2.1376422318545254,"Counter({0: 37, 3: 4, 2: 2, 1: 1})"
119,-303.36559139784947,0.47631189227104187,2.16296389751267,"Counter({0: 40, 3: 9, 1: 5, 7: 2, 2: 1})"
120,-325.91282051282053,0.42115020751953125,2.292630556651524,"Counter({0: 60, 3: 5, 7: 2, 2: 2, 5: 1})"
121,-179.2820512820513,0.2503329813480377,2.187697488611395,"Counter({0: 50, 3: 2, 2: 2, 1: 1})"
122,-675.4051282051282,0.7894220352172852,2.208768060118515,"Counter({0: 101, 1: 16, 2: 16, 3: 15, 7: 13})"
123,-211.2820512820513,0.38489118218421936,2.1733455364254937,"Counter({0: 56, 3: 5, 2: 5, 1: 2, 7: 1})"
124,-411.28205128205127,0.5585624575614929,2.222510952738267,"Counter({0: 56, 3: 10, 7: 5, 2: 5, 1: 3})"
125,-213.91282051282053,0.34062132239341736,2.170027361251414,"Counter({0: 55, 3: 3, 2: 3, 1: 2, 7: 1})"
126,-496.3999999999999,0.5997485518455505,2.1940591723199874,"Counter({0: 46, 7: 5, 3: 5, 1: 4, 2: 2, 4: 1})"
127,-245.49999999999997,0.4738215208053589,2.082762289431787,"Counter({0: 48, 3: 6, 1: 4, 2: 3, 7: 1})"
128,-207.32857142857142,0.3681707978248596,2.2580984223347444,"Counter({0: 44, 1: 5, 3: 3})"
129,-262.09677419354836,0.3870299756526947,2.1929895618687505,"Counter({0: 37, 2: 4, 3: 3, 7: 1, 1: 1})"
130,-469.91282051282053,0.6160624623298645,2.168740990070196,"Counter({0: 53, 3: 10, 7: 6, 2: 5, 1: 4})"
131,-913.5999999999999,0.9979826807975769,2.190334511214289,"Counter({0: 75, 3: 23, 2: 18, 7: 16, 1: 13})"
132,-390.6820512820513,0.5133660435676575,2.310221640727459,"Counter({0: 61, 2: 5, 3: 5, 1: 3, 7: 3, 6: 1})"
133,-235.28205128205127,0.21316944062709808,2.2206347703933718,"Counter({0: 50, 3: 3, 5: 1, 1: 1})"
134,-320.28205128205127,0.3610396385192871,2.2940810386951154,"Counter({0: 53, 3: 4, 7: 3, 1: 3, 2: 2})"
135,-272.5,0.4133762717247009,2.128403654285506,"Counter({0: 39, 3: 6, 2: 4, 7: 1, 1: 1})"
136,-453.9,0.8100078105926514,2.257328058878581,"Counter({0: 45, 2: 10, 3: 8, 1: 7, 7: 5})"
137,-878.3897435897436,0.9212762117385864,2.259265537385817,"Counter({0: 83, 3: 24, 2: 16, 7: 16, 1: 15})"
138,-939.3523809523808,0.9889394044876099,2.1694212555885315,"Counter({0: 50, 2: 18, 3: 17, 7: 15, 1: 9})"
139,-358.85483870967744,0.41039714217185974,2.3058753311634064,"Counter({0: 38, 1: 4, 3: 4, 7: 3, 2: 1})"
140,-362.0967741935484,0.5231414437294006,2.1555309061493193,"Counter({0: 37, 3: 9, 2: 4, 7: 3, 1: 3})"
141,-276.28205128205127,0.2804526090621948,2.0766238796299903,"Counter({0: 51, 3: 3, 7: 2, 1: 1, 2: 1})"
142,-309.0967741935484,0.3914739787578583,2.2159943468868732,"Counter({0: 38, 1: 4, 7: 2, 3: 2, 2: 2})"
143,-1261.3857142857141,1.082697868347168,2.2596252663691243,"Counter({0: 59, 7: 22, 3: 20, 2: 16, 1: 16})"
144,-167.2820512820513,0.375113844871521,2.2761999349745494,"Counter({0: 54, 2: 4, 1: 3, 3: 2})"
145,-304.5,0.355903297662735,2.25131807582719,"Counter({0: 45, 3: 5, 7: 2, 2: 2, 1: 2})"
146,-563.2820512820513,0.6855145692825317,2.151846016624144,"Counter({0: 72, 3: 11, 1: 10, 2: 10, 7: 9})"
147,-460.1142857142857,0.7996504902839661,2.228628348363073,"Counter({0: 43, 3: 14, 1: 9, 2: 5, 7: 5})"
148,-211.2820512820513,0.3374767005443573,2.1468916544838557,"Counter({0: 56, 2: 3, 3: 3, 7: 1})"
149,-212.09677419354836,0.2841718792915344,2.189846955917098,"Counter({0: 37, 3: 3, 2: 3, 1: 1})"
150,-475.81282051282056,0.7190375924110413,2.250136687074389,"Counter({0: 73, 3: 12, 2: 9, 7: 6, 1: 4, 5: 1})"
151,-720.8571428571429,1.0066903829574585,2.262716367019443,"Counter({0: 56, 3: 22, 2: 20, 1: 18, 7: 11})"
152,-237.28205128205127,0.5212039947509766,2.3580019814627513,"Counter({0: 64, 2: 7, 1: 6, 3: 5, 7: 2})"
153,-200.2820512820513,0.2823854684829712,2.3262321877479555,"Counter({0: 43, 3: 3, 1: 3, 2: 1})"
154,-227.86666666666667,0.43576449155807495,2.300234287599974,"Counter({0: 67, 3: 5, 2: 3, 1: 2, 7: 2})"
155,-462.0967741935484,0.6435049772262573,2.41762794199444,"Counter({0: 37, 3: 14, 7: 5, 1: 5, 2: 2})"
156,-456.0967741935484,0.6487613916397095,2.134108521155457,"Counter({0: 39, 3: 11, 2: 7, 7: 5, 1: 5})"
157,-383.91282051282053,0.6188376545906067,2.2561271399566807,"Counter({0: 65, 3: 10, 1: 9, 2: 8, 7: 5})"
158,-206.09677419354836,0.33784347772598267,2.082861623865493,"Counter({0: 39, 3: 4, 2: 2, 1: 2})"
159,-503.9435897435897,0.669988751411438,2.1308942997311973,"Counter({0: 58, 1: 10, 7: 7, 3: 5, 2: 3})"
160,-1272.8205128205127,0.9118432402610779,2.274322746219216,"Counter({0: 102, 7: 25, 3: 21, 1: 19, 2: 15})"
161,-428.5,0.55400550365448,2.1209060994061555,"Counter({0: 37, 1: 7, 3: 5, 7: 4, 2: 2})"
162,-448.2857142857143,0.6243391036987305,2.346238109995337,"Counter({0: 47, 2: 7, 7: 5, 3: 5, 1: 4})"
163,-475.9784946236559,0.5979939699172974,2.2207067028472296,"Counter({0: 49, 3: 11, 7: 6, 2: 6, 1: 4})"
164,-262.09677419354836,0.394754022359848,2.15516673423806,"Counter({0: 37, 3: 5, 2: 3, 1: 3, 7: 1})"
165,-201.5,0.35992562770843506,2.2200100616975265,"Counter({0: 46, 1: 3, 2: 3, 3: 3})"
166,-167.2820512820513,0.2723831236362457,2.167331323785297,"Counter({0: 54, 3: 4, 1: 1})"
167,-590.6428571428571,0.9304310083389282,2.2688607438918083,"Counter({0: 66, 1: 22, 3: 15, 2: 12, 7: 9})"
168,-309.0967741935484,0.5327937602996826,2.22965548471971,"Counter({0: 38, 1: 6, 3: 5, 2: 4, 7: 2})"
169,-623.1720430107528,0.6568125486373901,2.21737629029809,"Counter({0: 50, 3: 13, 7: 9, 1: 6, 2: 4})"
170,-350.0967741935484,0.44697901606559753,2.118967153407909,"Counter({0: 41, 2: 5, 3: 4, 7: 3, 1: 1})"
171,-338.9428571428572,0.6808885931968689,2.231130041394915,"Counter({0: 50, 1: 8, 3: 7, 7: 3, 2: 2})"
172,-177.5,0.36506950855255127,2.0440199394695093,"Counter({0: 54, 3: 6, 2: 1})"
173,-373.97849462365593,0.5567348003387451,2.217880831737267,"Counter({0: 50, 3: 9, 1: 7, 2: 6, 7: 4})"
174,-362.5,0.6817111372947693,2.266082873545497,"Counter({0: 59, 3: 11, 1: 6, 7: 4, 2: 3})"
175,-579.6612903225806,0.6856915354728699,2.187396834294001,"Counter({0: 48, 3: 12, 1: 8, 2: 8, 7: 8})"
176,-311.28205128205127,0.46049585938453674,2.17509109099706,"Counter({0: 56, 3: 10, 2: 4, 7: 3, 1: 2})"
177,-216.91282051282053,0.35607147216796875,2.2290991618083074,"Counter({0: 54, 3: 7, 2: 2, 1: 1, 7: 1})"
178,-160.54358974358976,0.25623372197151184,2.188235089427135,"Counter({0: 56, 3: 5})"
179,-540.851282051282,0.661729097366333,2.2185803519941008,"Counter({0: 79, 3: 13, 7: 9, 1: 6, 2: 6})"
180,-1187.1142857142856,1.082029104232788,2.304843386892456,"Counter({0: 83, 3: 29, 1: 29, 7: 22, 2: 18})"
181,-256.09677419354836,0.3687477111816406,2.232122690677643,"Counter({0: 39, 1: 5, 3: 4, 7: 1, 2: 1})"
182,-256.09677419354836,0.438504695892334,2.27540889674542,"Counter({0: 39, 3: 8, 1: 2, 7: 1, 2: 1})"
183,-312.09677419354836,0.4419167637825012,2.408079745677801,"Counter({0: 37, 2: 6, 3: 4, 1: 3, 7: 2})"
184,-960.1142857142856,1.0009080171585083,2.2089740138017495,"Counter({0: 63, 2: 23, 3: 19, 7: 14, 1: 11, 6: 1})"
185,-228.82051282051282,0.3451429307460785,2.257945249478022,"Counter({0: 50, 1: 3, 2: 3, 3: 3, 7: 1})"
186,-381.4820512820513,0.5948464274406433,2.2019465576138413,"Counter({0: 82, 3: 15, 2: 9, 7: 6, 1: 2})"
187,-294.28205128205127,0.456256240606308,2.2372729050911078,"Counter({0: 45, 2: 6, 3: 6, 7: 2})"
188,-702.5974358974358,0.7662359476089478,2.2544959352268434,"Counter({0: 74, 3: 21, 7: 11, 2: 8, 1: 8, 5: 1})"
189,-326.28205128205127,0.3919135630130768,2.212923653309162,"Counter({0: 51, 1: 4, 3: 4, 2: 3, 7: 3})"
190,-1254.5857142857142,1.098486304283142,2.269185661077499,"Counter({0: 94, 3: 34, 2: 27, 7: 24, 1: 21})"
191,-242.49999999999997,0.399766743183136,2.1500114051122514,"Counter({0: 49, 1: 5, 3: 5, 2: 3, 7: 1})"
192,-485.07142857142856,0.8283757567405701,2.1837418292249953,"Counter({0: 68, 3: 14, 2: 13, 1: 10, 7: 7})"
193,-282.62051282051283,0.499323308467865,2.360781448643382,"Counter({0: 65, 1: 6, 3: 6, 7: 3, 2: 2})"
194,-801.2714285714285,0.9301463961601257,2.1682268460591634,"Counter({0: 61, 1: 19, 3: 17, 7: 12, 2: 10, 4: 1})"
195,-212.09677419354836,0.3073030114173889,2.2203011771906978,"Counter({0: 37, 2: 4, 1: 3, 3: 2})"
196,-392.1142857142857,0.6555812954902649,2.299412841382234,"Counter({0: 49, 3: 7, 2: 7, 7: 4, 1: 2})"
197,-212.09677419354836,0.2915757894515991,2.242984061770969,"Counter({0: 37, 3: 4, 1: 2, 2: 2})"
198,-382.38571428571424,0.7426514029502869,2.295077759485978,"Counter({0: 62, 3: 15, 1: 6, 2: 4, 7: 3, 6: 1})"
199,-469.8051282051282,0.6609583497047424,2.213138595100277,"Counter({0: 86, 3: 17, 7: 8, 2: 5, 1: 5})"
200,-520.2820512820513,0.7250460982322693,2.155596947669983,"Counter({0: 53, 2: 15, 1: 7, 7: 7, 3: 3})"
201,-317.98571428571427,0.6910429000854492,2.2357533199842585,"Counter({0: 57, 3: 12, 1: 7, 2: 7, 7: 3})"
202,-312.09677419354836,0.44168657064437866,2.137621881870123,"Counter({0: 37, 1: 5, 3: 4, 2: 4, 7: 2})"
203,-440.54358974358973,0.6296204328536987,2.2165291644632816,"Counter({0: 46, 2: 6, 3: 5, 7: 5, 1: 2})"
204,-597.5142857142857,0.8274670243263245,2.2259198283847375,"Counter({0: 47, 1: 12, 3: 8, 7: 8, 2: 4})"
205,-259.09677419354836,0.39581701159477234,2.2661911735729294,"Counter({0: 38, 3: 4, 1: 4, 2: 2, 7: 1})"
206,-262.09677419354836,0.3503462076187134,2.2048259339434035,"Counter({0: 37, 3: 6, 1: 2, 7: 1, 2: 1})"
207,-209.09677419354836,0.3097902834415436,2.1485954859982366,"Counter({0: 38, 3: 4, 2: 2, 1: 2})"
208,-207.5,0.4818069338798523,2.2286094177852975,"Counter({0: 44, 2: 6, 1: 3, 3: 2})"
209,-574.0714285714286,0.7292780876159668,2.1359112669439875,"Counter({0: 55, 3: 10, 7: 8, 2: 7, 1: 5})"
210,-220.05128205128207,0.26055699586868286,2.293372694651286,"Counter({0: 53, 3: 4, 7: 1, 1: 1, 2: 1})"
211,-329.28205128205127,0.5374106764793396,2.2836480965981116,"Counter({0: 50, 2: 6, 3: 6, 7: 3})"
212,-293.54358974358973,0.42530152201652527,2.3632503015953197,"Counter({0: 47, 3: 4, 1: 2, 2: 2, 7: 1, 4: 1})"
213,-657.3285714285714,0.8334360718727112,2.182126302777985,"Counter({0: 44, 3: 12, 2: 9, 7: 9, 1: 7})"
214,-222.91282051282053,0.4635445475578308,2.151281658680208,"Counter({0: 52, 2: 5, 3: 4, 7: 1})"
215,-269.5897435897436,0.4029342234134674,2.159557177685201,"Counter({0: 53, 3: 4, 2: 3, 1: 2, 7: 2})"
216,-1159.2666666666667,0.9243016242980957,2.208516317562465,"Counter({0: 73, 7: 21, 3: 20, 1: 17, 2: 6})"
217,-195.5,0.46060681343078613,2.333509976403755,"Counter({0: 48, 2: 4, 3: 3, 1: 2})"
218,-840.8999999999999,0.9417208433151245,2.1610946918527287,"Counter({0: 66, 3: 18, 7: 14, 1: 13, 2: 9})"
219,-250.09677419354836,0.450781911611557,2.2345334877047622,"Counter({0: 41, 3: 7, 2: 5, 1: 3, 7: 1})"
220,-282.28205128205127,0.3573279082775116,2.296972767251437,"Counter({0: 49, 3: 6, 7: 2, 1: 2, 2: 2})"
221,-312.09677419354836,0.4672693908214569,2.197184454511713,"Counter({0: 37, 3: 8, 1: 4, 2: 3, 7: 2})"
222,-506.6666666666667,0.7180972695350647,2.1670234203338623,"Counter({0: 57, 1: 10, 3: 8, 2: 8, 7: 7})"
223,-253.09677419354838,0.305232971906662,2.1951131510734556,"Counter({0: 40, 2: 4, 3: 3, 1: 2, 7: 1})"
224,-297.7096774193548,0.4160185754299164,2.2908889013424254,"Counter({0: 42, 3: 8, 2: 3, 7: 2, 1: 2})"
225,-545.9142857142857,0.8902831673622131,2.251624716831757,"Counter({0: 64, 3: 16, 1: 12, 2: 11, 7: 8})"
226,-299.28205128205127,0.3990735709667206,2.076364465772289,"Counter({0: 60, 3: 6, 7: 3, 1: 2, 2: 2})"
227,-362.0967741935484,0.48668599128723145,2.1564815404280178,"Counter({0: 37, 3: 6, 2: 5, 7: 3, 1: 2})"
228,-954.8142857142857,1.042567491531372,2.296439316402487,"Counter({0: 78, 3: 23, 2: 17, 7: 17, 1: 12})"
229,-400.90322580645164,0.6068961024284363,2.245476091085975,"Counter({0: 41, 1: 9, 3: 9, 2: 4, 7: 4})"
230,-343.91282051282053,0.43066754937171936,2.188411332409957,"Counter({0: 45, 3: 6, 7: 3, 2: 2, 1: 2})"
231,-663.9128205128205,0.7874314188957214,2.30979752164138,"Counter({0: 55, 1: 13, 2: 10, 7: 10, 3: 7})"
232,-206.09677419354836,0.34773924946784973,2.2860957176788994,"Counter({0: 39, 3: 3, 1: 3, 2: 1})"
233,-182.2820512820513,0.2788468301296234,2.280023846243109,"Counter({0: 49, 3: 4, 2: 3})"
234,-362.0967741935484,0.44172704219818115,2.059411209363204,"Counter({0: 37, 3: 9, 7: 3, 1: 2, 2: 1})"
235,-206.09677419354836,0.28619664907455444,2.193116294576767,"Counter({0: 39, 2: 4, 3: 3, 1: 1})"
236,-745.6571428571428,0.9667121171951294,2.25952947969022,"Counter({0: 64, 3: 17, 2: 16, 7: 12, 1: 6})"
237,-225.5,0.29865553975105286,2.234577003866434,"Counter({0: 38, 3: 4, 1: 4, 2: 2})"
238,-212.09677419354836,0.26140326261520386,2.177915566346862,"Counter({0: 37, 3: 4, 2: 2, 1: 1})"
239,-421.15714285714284,0.7152074575424194,2.2049504206939177,"Counter({0: 56, 3: 12, 2: 11, 7: 5, 1: 4})"
240,-429.47142857142853,0.7008543014526367,2.138423229753971,"Counter({0: 53, 3: 10, 1: 7, 2: 5, 7: 5})"
241,-191.05128205128207,0.3534786105155945,2.3044097313174494,"Counter({0: 46, 2: 5, 3: 2, 1: 1})"
242,-1151.2692307692307,1.0354725122451782,2.2163677114248275,"Counter({0: 98, 3: 42, 7: 29, 1: 22, 2: 8, 5: 1})"
243,-250.36559139784944,0.3337953984737396,2.1644853376874735,"Counter({0: 41, 1: 4, 3: 3, 2: 2, 7: 1})"
244,-332.15714285714284,0.7519512176513672,2.306339420378208,"Counter({0: 69, 3: 13, 2: 13, 1: 5, 7: 4})"
245,-414.42857142857144,0.7799229025840759,2.216976297662613,"Counter({0: 58, 3: 12, 1: 11, 2: 8, 7: 5})"
246,-299.05128205128204,0.5170235633850098,2.2611888967454434,"Counter({0: 60, 3: 7, 2: 6, 1: 4, 7: 3})"
247,-761.4677419354838,0.9911562204360962,2.106665499666904,"Counter({0: 37, 3: 21, 2: 14, 1: 11, 7: 11})"
248,-279.28205128205127,0.35877928137779236,2.343086507360814,"Counter({0: 50, 3: 3, 1: 3, 7: 2, 2: 1})"
249,-212.09677419354836,0.3313864469528198,2.115198706471643,"Counter({0: 37, 1: 4, 3: 2})"
250,-254.82051282051282,0.467303067445755,2.2202597390050474,"Counter({0: 58, 1: 7, 7: 2, 2: 1, 3: 1})"
251,-204.5,0.35964152216911316,2.201898646804522,"Counter({0: 45, 1: 5, 3: 2, 2: 1})"
252,-286.3285714285714,0.5636922717094421,2.09259248384531,"Counter({0: 51, 2: 7, 3: 6, 1: 3, 7: 2})"
253,-1170.174358974359,0.9351456761360168,2.1928275995529614,"Counter({0: 86, 3: 24, 7: 22, 1: 14, 2: 10})"
254,-358.90322580645164,0.5023127794265747,2.3552937507629395,"Counter({0: 38, 1: 5, 3: 4, 7: 3, 2: 1})"
255,-258.7096774193548,0.3649652302265167,2.2716591510366886,"Counter({0: 38, 3: 6, 1: 2, 7: 1})"
256,-1030.3904761904762,1.042222261428833,2.2194877057675493,"Counter({0: 67, 3: 32, 2: 20, 7: 16, 1: 15, 6: 1})"
257,-624.5,0.9291700124740601,2.2358933592786885,"Counter({0: 55, 2: 13, 1: 12, 3: 12, 7: 9})"
258,-412.0967741935484,0.6058995723724365,2.1991647865812656,"Counter({0: 37, 3: 10, 1: 4, 7: 4, 2: 4})"
259,-870.2820512820513,0.7879779934883118,2.0954398630807796,"Counter({0: 53, 7: 14, 3: 13, 2: 9, 1: 7})"
260,-649.0974358974358,0.7487793564796448,2.2196181375201385,"Counter({0: 60, 3: 18, 7: 10, 1: 9, 2: 4})"
261,-847.9032258064516,0.8288262486457825,2.17110038188196,"Counter({0: 42, 3: 23, 7: 13, 2: 9, 1: 6})"
262,-355.3225806451613,0.4707172214984894,2.347322108610621,"Counter({0: 39, 3: 6, 2: 3, 7: 3, 1: 2})"
263,-752.9032258064515,0.8940265774726868,2.2120463051294026,"Counter({0: 40, 3: 20, 1: 13, 7: 11, 2: 11})"
264,-212.09677419354836,0.28718429803848267,2.1237234570259274,"Counter({0: 37, 3: 4, 1: 2})"
265,-260.5,0.5039757490158081,2.1940737377513537,"Counter({0: 43, 2: 7, 1: 2, 3: 2, 7: 1})"
266,-379.28205128205127,0.5317723155021667,2.1703241947624416,"Counter({0: 50, 2: 7, 3: 6, 1: 5, 7: 4})"
267,-294.8142857142857,0.6602904200553894,2.2492434978485107,"Counter({0: 48, 3: 7, 1: 6, 2: 4, 7: 2})"
268,-404.5,0.54721999168396,2.094392351806164,"Counter({0: 45, 1: 6, 3: 5, 2: 4, 7: 4})"
269,-482.1190476190476,0.7087198495864868,2.1420459747314453,"Counter({0: 35, 2: 9, 3: 6, 7: 5, 1: 3})"
270,-438.21428571428567,0.7033452391624451,2.1696129660857353,"Counter({0: 50, 3: 11, 1: 6, 7: 5, 2: 4})"
271,-958.6428571428571,0.9886804819107056,2.1806436442146615,"Counter({0: 60, 3: 21, 7: 16, 1: 13, 2: 11})"
272,-591.0967741935483,0.6345897316932678,2.261274506519367,"Counter({0: 44, 3: 13, 1: 10, 7: 8, 2: 2})"
273,-397.9428571428571,0.6540853977203369,2.1907875157784726,"Counter({0: 47, 2: 6, 3: 6, 1: 6, 7: 4})"
274,-514.9428571428571,0.866066575050354,2.234161031596801,"Counter({0: 58, 2: 14, 1: 12, 3: 11, 7: 7})"
275,-794.5,0.9858565330505371,2.268623623322314,"Counter({0: 65, 3: 20, 2: 18, 7: 13, 1: 11})"
276,-331.55913978494624,0.6082329750061035,2.164894619503537,"Counter({0: 47, 1: 13, 3: 9, 7: 3, 2: 2})"
277,-276.28205128205127,0.41751837730407715,2.2878898549824953,"Counter({0: 51, 3: 5, 1: 3, 2: 3, 7: 2})"
278,-306.0967741935484,0.5487585663795471,2.2212412148191216,"Counter({0: 39, 1: 9, 2: 6, 7: 2, 3: 1})"
279,-314.90322580645164,0.38639700412750244,2.280712446387933,"Counter({0: 38, 1: 5, 2: 3, 7: 1, 5: 1, 3: 1})"
280,-618.0714285714286,0.893007218837738,2.237428989225221,"Counter({0: 57, 3: 14, 2: 13, 1: 10, 7: 9})"
281,-615.6358974358975,0.6840136647224426,2.238694368196385,"Counter({0: 71, 2: 13, 3: 11, 7: 10, 1: 7})"
282,-492.49999999999994,0.7168281674385071,2.269745117823283,"Counter({0: 49, 1: 9, 7: 6, 3: 6, 2: 5})"
283,-313.7282051282051,0.5134543776512146,2.2560450470269617,"Counter({0: 55, 1: 4, 3: 4, 7: 3, 2: 1})"
284,-319.5,0.4685550034046173,2.0029107243926436,"Counter({0: 40, 3: 6, 2: 4, 7: 2, 1: 2})"
285,-731.1559139784946,0.871962308883667,2.2285343472864114,"Counter({0: 47, 1: 19, 3: 19, 7: 11, 2: 6})"
286,-187.91282051282053,0.4134921431541443,2.3257143563694425,"Counter({0: 47, 2: 4, 3: 2, 1: 1})"
287,-1016.9897435897435,0.8433660864830017,2.2320042256487915,"Counter({0: 89, 7: 18, 3: 18, 2: 13, 1: 12, 5: 1})"
288,-1029.5571428571427,1.1628506183624268,2.1817505860328676,"Counter({0: 82, 3: 41, 2: 31, 7: 25, 1: 21})"
289,-305.85483870967744,0.41378769278526306,2.1538692274872138,"Counter({0: 39, 3: 4, 1: 3, 7: 2, 2: 1})"
290,-407.5967741935484,0.3951282799243927,2.118859113454819,"Counter({0: 37, 3: 6, 7: 3, 1: 2, 5: 1, 2: 1})"
291,-483.7096774193548,0.7129680514335632,2.20694577835855,"Counter({0: 47, 3: 18, 2: 7, 1: 6, 7: 6})"
292,-226.2820512820513,0.33255714178085327,2.131414198484577,"Counter({0: 51, 3: 5, 2: 3, 7: 1, 1: 1})"
293,-338.28205128205127,0.47548121213912964,2.3076141281053424,"Counter({0: 47, 3: 6, 1: 4, 2: 4, 7: 3})"
294,-262.09677419354836,0.27740561962127686,2.1588950051201716,"Counter({0: 37, 3: 5, 7: 1, 1: 1, 2: 1})"
295,-250.28205128205127,0.4058574140071869,2.0986423985316205,"Counter({0: 43, 2: 6, 1: 1, 7: 1, 3: 1})"
296,-276.28205128205127,0.2558852732181549,2.331836196414211,"Counter({0: 51, 3: 4, 7: 2})"
297,-275.8666666666667,0.4378542900085449,2.1418659705382126,"Counter({0: 51, 3: 5, 2: 4, 1: 3, 7: 2})"
298,-1258.1142857142856,1.0862141847610474,2.2130893553541005,"Counter({0: 77, 3: 34, 1: 25, 2: 24, 7: 23})"
299,-1105.7714285714285,1.1150548458099365,2.2379634502815873,"Counter({0: 61, 3: 27, 2: 26, 7: 19, 1: 13})"
300,-276.28205128205127,0.38912704586982727,2.1015465789371066,"Counter({0: 51, 3: 4, 1: 4, 7: 2, 2: 2})"
301,-261.28205128205127,0.42698368430137634,2.3214895589011055,"Counter({0: 56, 2: 6, 3: 4, 7: 2, 1: 2})"
302,-429.28205128205127,0.5266854763031006,2.1593114775671087,"Counter({0: 50, 2: 6, 3: 5, 7: 5, 1: 5})"
303,-1044.1142857142856,1.0698511600494385,2.1947944764461784,"Counter({0: 65, 2: 21, 1: 21, 3: 19, 7: 18})"
304,-192.5,0.3409743309020996,2.424117367917841,"Counter({0: 49, 3: 5, 2: 1})"
305,-481.9128205128206,0.686511218547821,2.2056064481859083,"Counter({0: 49, 3: 10, 1: 7, 7: 6, 2: 5})"
306,-1450.9714285714283,1.161786437034607,2.1465687558054922,"Counter({0: 64, 3: 30, 7: 25, 2: 21, 1: 19, 5: 1})"
307,-327.0967741935484,0.4963991343975067,2.149117416956208,"Counter({0: 32, 1: 6, 3: 4, 7: 2})"
308,-387.28205128205127,0.5060594081878662,2.1805777097570487,"Counter({0: 64, 3: 13, 7: 5, 2: 4, 1: 1})"
309,-198.5,0.4134460389614105,2.211305071007122,"Counter({0: 47, 1: 5, 3: 2, 2: 1})"
310,-215.91282051282053,0.4757769703865051,2.1967095876562186,"Counter({0: 71, 1: 7, 3: 5, 2: 2, 7: 2})"
311,-209.09677419354836,0.2969108819961548,2.292838145386089,"Counter({0: 38, 3: 4, 2: 2})"
312,-206.2820512820513,0.3024758994579315,2.1579854731657067,"Counter({0: 41, 1: 4, 3: 3, 2: 1})"
313,-422.15714285714284,0.4868770241737366,2.107458856972781,"Counter({0: 39, 3: 6, 7: 4, 2: 3, 1: 3})"
314,-260.752688172043,0.3365865647792816,2.180828683078289,"Counter({0: 37, 1: 5, 3: 3, 2: 2, 7: 1})"
315,-212.09677419354836,0.2566668391227722,2.2286033603278073,"Counter({0: 37, 3: 5, 2: 1, 1: 1})"
316,-805.8428571428572,1.0106052160263062,2.202669235254755,"Counter({0: 77, 2: 24, 3: 20, 1: 16, 7: 14})"
317,-580.5,0.772821307182312,2.072821870809648,"Counter({0: 53, 3: 12, 7: 8, 2: 5, 1: 4})"
318,-206.09677419354836,0.28587672114372253,2.301704560716947,"Counter({0: 39, 1: 4, 3: 3, 2: 2})"
319,-453.0967741935484,0.6528661847114563,2.248187341473319,"Counter({0: 40, 1: 8, 3: 7, 2: 6, 7: 5})"
320,-363.5,0.5983332395553589,2.1122187424878605,"Counter({0: 42, 2: 9, 1: 4, 7: 3, 3: 3})"
321,-485.0,0.6695080399513245,2.192396814028422,"Counter({0: 57, 3: 7, 7: 5, 2: 5, 5: 1})"
322,-565.3589743589744,0.7538086771965027,2.1937754975076307,"Counter({0: 71, 3: 15, 2: 11, 7: 9, 1: 8})"
323,-385.0967741935484,0.5673619508743286,2.200228125662417,"Counter({0: 46, 3: 11, 1: 7, 2: 6, 7: 4})"
324,-291.47142857142853,0.5032602548599243,2.2911030977003035,"Counter({0: 49, 3: 7, 7: 2, 1: 2, 2: 2})"
325,-262.09677419354836,0.26717543601989746,2.079930587609609,"Counter({0: 37, 3: 5, 7: 1, 1: 1, 2: 1})"
326,-300.6428571428571,0.5862246751785278,2.15869502356795,"Counter({0: 46, 3: 6, 2: 4, 1: 3, 7: 2})"
327,-291.1047619047619,0.5966167449951172,2.1563999185691007,"Counter({0: 52, 3: 8, 2: 7, 1: 5, 7: 2})"
328,-212.09677419354836,0.2960278391838074,2.1520568354185237,"Counter({0: 37, 3: 3, 2: 3})"
329,-226.2820512820513,0.2952517569065094,2.1104952096939087,"Counter({0: 51, 3: 4, 7: 1, 2: 1})"
330,-390.28205128205127,0.6513422131538391,2.337805703599402,"Counter({0: 63, 2: 11, 3: 8, 1: 7, 7: 5})"
331,-564.8142857142857,0.7492901086807251,2.238071583932446,"Counter({0: 58, 3: 13, 7: 8, 1: 7, 2: 7})"
332,-212.09677419354836,0.2917528450489044,2.0080012957255047,"Counter({0: 37, 3: 3, 2: 3, 1: 2})"
333,-329.28205128205127,0.32340309023857117,2.1381599684556325,"Counter({0: 50, 7: 3, 3: 3, 2: 2, 1: 2})"
334,-194.2820512820513,0.3285740613937378,2.212769293785095,"Counter({0: 45, 3: 3, 2: 2})"
335,-1114.5571428571427,1.113165020942688,2.3346295493998026,"Counter({0: 58, 3: 28, 1: 25, 2: 22, 7: 19})"
336,-216.6820512820513,0.30750805139541626,2.187596237073179,"Counter({0: 54, 3: 5, 7: 1, 2: 1})"
337,-203.2820512820513,0.2835181951522827,2.1102661867530976,"Counter({0: 42, 1: 4, 3: 2, 2: 1})"
338,-256.09677419354836,0.34294894337654114,2.118495542175916,"Counter({0: 39, 3: 6, 2: 3, 7: 1})"
339,-312.09677419354836,0.46698400378227234,2.010687251885732,"Counter({0: 37, 3: 8, 2: 4, 1: 3, 7: 2})"
340,-209.09677419354836,0.31294286251068115,2.141287474528603,"Counter({0: 38, 3: 3, 1: 3, 2: 2})"
341,-259.09677419354836,0.31686335802078247,2.30672447605336,"Counter({0: 38, 2: 3, 3: 3, 1: 2, 7: 1})"
342,-698.1571428571428,0.8388243317604065,2.124317482277587,"Counter({0: 52, 3: 15, 2: 9, 7: 9, 1: 5, 6: 1})"
343,-197.2820512820513,0.2823849022388458,2.173305422067642,"Counter({0: 44, 3: 3, 1: 3})"
344,-1565.9142857142856,1.195438027381897,2.1631988406181337,"Counter({0: 74, 3: 38, 2: 34, 7: 29, 1: 25})"
345,-235.9032258064516,0.3871617019176483,2.2379791845877963,"Counter({0: 46, 3: 7, 1: 4, 2: 2, 7: 1})"
346,-1576.4285714285716,1.1837682723999023,2.219588247451993,"Counter({0: 69, 3: 36, 7: 27, 2: 26, 1: 22, 6: 1})"
347,-609.0967741935483,0.6348415613174438,2.251856377630523,"Counter({0: 38, 3: 12, 7: 8, 1: 5, 2: 3})"
348,-382.0967741935484,0.6690305471420288,2.0864589554922923,"Counter({0: 47, 3: 13, 2: 7, 1: 6, 7: 4})"
349,-267.2820512820513,0.4362584054470062,2.2181447519772295,"Counter({0: 54, 3: 9, 2: 3, 7: 2, 1: 1})"
350,-170.2820512820513,0.26915979385375977,2.2194469621626,"Counter({0: 53, 3: 4, 2: 1, 1: 1})"
351,-208.6612903225806,0.27844586968421936,2.3048834217919243,"Counter({0: 38, 3: 4, 1: 2, 2: 1})"
352,-208.29032258064512,0.3292035162448883,2.174741918626039,"Counter({0: 38, 1: 4, 3: 4})"
353,-362.0967741935484,0.5220922231674194,2.2230185492564054,"Counter({0: 37, 3: 9, 1: 7, 7: 3, 2: 3})"
354,-1064.9435897435897,0.8894862532615662,2.22414352432374,"Counter({0: 71, 7: 19, 3: 16, 1: 10, 2: 8})"
355,-1629.8999999999999,1.4062891006469727,2.2455008372664453,"Counter({0: 56, 3: 48, 7: 37, 2: 30, 1: 29})"
356,-523.6344086021504,0.604516327381134,2.219811995824178,"Counter({0: 50, 3: 10, 1: 8, 7: 7, 2: 6})"
357,-202.0974358974359,0.36181876063346863,2.202613260064806,"Counter({0: 59, 3: 5, 1: 3, 2: 2, 7: 1})"
358,-244.28205128205127,0.2775520086288452,2.106144611652081,"Counter({0: 45, 3: 3, 1: 2, 7: 1, 2: 1})"
359,-179.2820512820513,0.2272322028875351,2.1773575024171308,"Counter({0: 50, 1: 2, 3: 2, 2: 1})"
360,-509.8205128205128,0.6657366156578064,2.1810864322205896,"Counter({0: 73, 3: 17, 1: 11, 7: 8, 2: 8})"
361,-176.2820512820513,0.2699901759624481,2.2907924568443967,"Counter({0: 51, 1: 2, 3: 2, 2: 2})"
362,-359.0967741935484,0.5187695026397705,2.3381140378483556,"Counter({0: 38, 3: 7, 2: 5, 1: 4, 7: 3})"
363,-439.07142857142856,0.7456064820289612,2.1992549809013924,"Counter({0: 50, 3: 13, 2: 7, 1: 7, 7: 5})"
364,-369.6358974358975,0.5185609459877014,2.13920362336295,"Counter({0: 53, 1: 6, 7: 4, 2: 4, 3: 3})"
365,-270.28205128205127,0.43141037225723267,2.3940803702197857,"Counter({0: 53, 2: 7, 3: 4, 7: 2, 1: 1})"
366,-652.2820512820513,0.5978758931159973,2.2239923037233806,"Counter({0: 59, 7: 10, 3: 7, 2: 4, 1: 4})"
367,-212.09677419354836,0.30936819314956665,2.2004351218541465,"Counter({0: 37, 2: 4, 3: 2, 1: 2})"
368,-462.0967741935484,0.5598337054252625,2.117798342543133,"Counter({0: 37, 3: 7, 2: 6, 7: 5, 1: 4})"
369,-485.3655913978494,0.6391445398330688,2.405990861080311,"Counter({0: 46, 2: 11, 1: 10, 3: 8, 7: 6})"
370,-262.09677419354836,0.26234105229377747,2.192610702731393,"Counter({0: 37, 3: 5, 7: 1, 2: 1})"
371,-313.5,0.5201551914215088,2.2297839727895012,"Counter({0: 42, 3: 8, 1: 4, 2: 2, 7: 2})"
372,-319.28205128205127,0.20717519521713257,2.2203975439071657,"Counter({0: 45, 3: 3, 1: 1, 6: 1})"
373,-226.2820512820513,0.35776352882385254,2.257589783824858,"Counter({0: 51, 3: 4, 1: 3, 2: 2, 7: 1})"
374,-258.8548387096774,0.34172454476356506,2.287927713799984,"Counter({0: 38, 1: 4, 3: 4, 7: 1})"
375,-301.5,0.4185600280761719,2.153588172742876,"Counter({0: 46, 3: 6, 2: 3, 7: 2, 1: 2})"
376,-209.09677419354836,0.27520331740379333,2.175168432129754,"Counter({0: 38, 3: 5, 1: 1, 2: 1})"
377,-220.2820512820513,0.3671582341194153,2.3167348988354206,"Counter({0: 53, 3: 5, 1: 5, 7: 1})"
378,-415.4512820512821,0.6139715313911438,2.3620531940923155,"Counter({0: 71, 3: 12, 1: 8, 2: 6, 7: 6})"
379,-612.1571428571428,0.859956681728363,2.2268930891385446,"Counter({0: 59, 3: 13, 1: 13, 2: 10, 7: 9})"
380,-309.0967741935484,0.4263521432876587,2.0723070958081413,"Counter({0: 38, 1: 5, 3: 4, 2: 2, 7: 2})"
381,-362.0967741935484,0.44712719321250916,2.135353965579339,"Counter({0: 37, 3: 8, 2: 4, 7: 3, 1: 1})"
382,-284.4838709677419,0.4302624762058258,2.2487489467575434,"Counter({0: 29, 3: 6, 2: 4, 1: 2, 7: 1})"
383,-348.5,0.5878139734268188,2.2619303584098818,"Counter({0: 47, 3: 8, 1: 5, 7: 3, 2: 2})"
384,-1042.442857142857,0.9985658526420593,2.2267343493302665,"Counter({0: 80, 3: 23, 7: 17, 2: 15, 1: 14, 6: 1})"
385,-426.98571428571427,0.6573222875595093,2.31093901854295,"Counter({0: 54, 3: 10, 2: 6, 7: 5, 1: 3})"
386,-620.7849462365591,0.7454811334609985,2.205366445183754,"Counter({0: 51, 3: 23, 2: 12, 7: 9, 1: 5})"
387,-600.2857142857142,0.7956653237342834,2.340973715832893,"Counter({0: 63, 7: 9, 3: 9, 1: 7, 2: 6})"
388,-263.5,0.40742236375808716,2.0818816824205992,"Counter({0: 42, 3: 12, 1: 2, 2: 1, 7: 1})"
389,-362.0967741935484,0.44850265979766846,2.029265995119132,"Counter({0: 37, 1: 6, 7: 3, 3: 3, 2: 2})"
390,-1725.6714285714284,1.4251385927200317,2.252115979492664,"Counter({0: 50, 3: 42, 2: 39, 7: 37, 1: 31, 5: 1})"
391,-974.5285714285715,1.0714311599731445,2.1852254404833444,"Counter({0: 71, 3: 24, 2: 22, 1: 18, 7: 17})"
392,-262.09677419354836,0.4480734169483185,2.190924581491722,"Counter({0: 37, 2: 6, 3: 5, 1: 4, 7: 1})"
393,-287.28205128205127,0.5366818904876709,2.3065404767213864,"Counter({0: 64, 1: 9, 2: 7, 3: 3, 7: 3})"
394,-408.951282051282,0.4208484888076782,2.2691278525761196,"Counter({0: 55, 3: 5, 7: 4, 1: 3, 2: 2, 5: 1})"
395,-829.3428571428572,0.9436949491500854,2.279955186890167,"Counter({0: 53, 3: 16, 7: 13, 1: 11, 2: 10})"
396,-537.9428571428571,0.8858016729354858,2.217356653213501,"Counter({0: 67, 2: 20, 3: 16, 1: 14, 7: 8})"
397,-206.09677419354836,0.26406505703926086,2.2536608378092446,"Counter({0: 39, 3: 4, 2: 3, 1: 2})"
398,-300.28205128205127,0.44212934374809265,2.185555139492298,"Counter({0: 43, 3: 6, 2: 4, 1: 3, 7: 2})"
399,-179.2820512820513,0.2420506775379181,2.1119897322221237,"Counter({0: 50, 3: 3, 1: 1, 2: 1})"
400,-262.09677419354836,0.3485810458660126,2.052824765443802,"Counter({0: 37, 1: 4, 2: 3, 3: 3, 7: 1})"
401,-212.09677419354836,0.3088780343532562,2.2665259387758043,"Counter({0: 37, 2: 4, 3: 2, 1: 2})"
402,-173.2820512820513,0.2695380747318268,2.3749398260281005,"Counter({0: 52, 3: 2, 2: 2, 1: 2})"
403,-512.0967741935483,0.6274383664131165,2.22010783965771,"Counter({0: 37, 3: 10, 1: 7, 7: 6, 2: 5})"
404,-326.28205128205127,0.4305601119995117,2.2017963491380215,"Counter({0: 51, 3: 4, 2: 4, 7: 3, 1: 2})"
405,-292.3285714285714,0.5844137072563171,2.1950260960694514,"Counter({0: 49, 3: 7, 1: 4, 2: 4, 7: 2})"
406,-442.35897435897436,0.5699973702430725,2.273068410626958,"Counter({0: 62, 2: 9, 1: 8, 7: 6, 3: 4})"
407,-222.4974358974359,0.29510214924812317,2.1715304043333408,"Counter({0: 52, 3: 4, 7: 1, 2: 1, 1: 1})"
408,-212.09677419354836,0.2725284993648529,2.205245566368103,"Counter({0: 37, 3: 3, 1: 3, 2: 2})"
409,-312.09677419354836,0.32845455408096313,2.1921165179699025,"Counter({0: 37, 3: 6, 7: 2, 2: 2})"
410,-209.09677419354836,0.28939178586006165,2.0528932280010648,"Counter({0: 38, 3: 4, 2: 2, 1: 1})"
411,-212.09677419354836,0.2300107181072235,1.9856945802999098,"Counter({0: 37, 3: 4, 2: 2})"
412,-226.2820512820513,0.21994318068027496,2.2312579389129366,"Counter({0: 51, 3: 4, 7: 1})"
413,-542.1142857142856,0.6720110177993774,2.136986105409387,"Counter({0: 49, 7: 7, 3: 7, 1: 7, 2: 3})"
414,-279.28205128205127,0.28699275851249695,2.1735750234733193,"Counter({0: 50, 3: 4, 1: 2, 7: 2, 2: 1})"
415,-187.35897435897436,0.39185968041419983,2.2809158390218562,"Counter({0: 47, 1: 4, 2: 2, 3: 2})"
416,-384.85483870967744,0.5608370304107666,2.1806652460779463,"Counter({0: 46, 3: 10, 1: 8, 7: 4, 2: 2})"
417,-309.0967741935484,0.4110926389694214,2.25984259446462,"Counter({0: 38, 3: 7, 7: 2, 2: 2, 1: 2})"
418,-257.3285714285714,0.5380139946937561,2.2637618496304466,"Counter({0: 44, 2: 6, 3: 6, 1: 6, 7: 1})"
419,-362.0967741935484,0.3324791491031647,2.162944367591371,"Counter({0: 37, 7: 3, 1: 3, 3: 3, 2: 1})"
420,-340.0512820512821,0.4848470389842987,2.3246552188222003,"Counter({0: 63, 3: 7, 1: 5, 7: 4, 2: 3})"
421,-626.4714285714285,0.9128999710083008,2.1637099425769546,"Counter({0: 54, 3: 15, 2: 14, 1: 11, 7: 9})"
422,-395.2857142857143,0.6735653281211853,2.27215712376543,"Counter({0: 48, 2: 10, 1: 6, 3: 6, 7: 4})"
423,-1278.7047619047619,1.088219165802002,2.1909338566148358,"Counter({0: 69, 3: 34, 7: 23, 1: 16, 2: 15})"
424,-171.5,0.37981492280960083,2.2726066888324796,"Counter({0: 56, 3: 4, 2: 2, 1: 1})"
425,-313.91282051282053,0.5688861608505249,2.287201486428579,"Counter({0: 55, 3: 9, 1: 6, 7: 3, 2: 2})"
426,-462.15714285714284,0.8100926280021667,2.1711964594690425,"Counter({0: 59, 2: 13, 3: 13, 7: 6, 1: 4})"
427,-262.09677419354836,0.3183414041996002,2.1993778918651823,"Counter({0: 37, 3: 5, 1: 3, 7: 1, 2: 1})"
428,-406.97849462365593,0.49000799655914307,2.1474355212072047,"Counter({0: 56, 3: 10, 1: 6, 7: 5, 2: 5})"
429,-392.0967741935484,0.45286229252815247,2.279543530057978,"Counter({0: 37, 3: 6, 1: 5, 2: 3, 7: 2, 6: 1})"
430,-507.31282051282045,0.6768767237663269,2.2996277829935385,"Counter({0: 57, 2: 8, 3: 7, 1: 7, 7: 7})"
431,-1268.0571428571427,1.1072096824645996,2.2071960944278985,"Counter({0: 73, 3: 25, 7: 23, 1: 19, 2: 17})"
432,-212.09677419354836,0.25249555706977844,1.9920105717398904,"Counter({0: 37, 3: 4, 1: 2, 2: 1})"
433,-730.4897435897435,0.6802438497543335,2.162626075092703,"Counter({0: 81, 3: 18, 7: 12, 1: 10, 2: 6, 4: 1})"
434,-262.09677419354836,0.30014774203300476,2.1850784103921117,"Counter({0: 37, 3: 3, 1: 3, 2: 3, 7: 1})"
435,-348.5,0.5684594511985779,2.2862419815205817,"Counter({0: 47, 3: 11, 7: 3, 1: 3, 2: 3})"
436,-274.07142857142856,0.5754954218864441,2.259194186755589,"Counter({0: 55, 3: 11, 2: 5, 1: 4, 7: 2})"
437,-212.09677419354836,0.343300998210907,2.1688837370973952,"Counter({0: 37, 1: 5, 2: 4, 3: 1})"
438,-432.66666666666663,0.6614464521408081,2.2551760787659503,"Counter({0: 65, 2: 11, 3: 8, 7: 6, 1: 4})"
439,-212.09677419354836,0.3001813590526581,2.1756319429563438,"Counter({0: 37, 1: 4, 2: 3, 3: 2})"
440,-589.1571428571428,0.7116683125495911,2.253943257517629,"Counter({0: 50, 7: 8, 3: 8, 2: 7, 1: 4})"
441,-306.4285714285714,0.5738837122917175,2.2824032425880434,"Counter({0: 44, 1: 7, 3: 4, 2: 3, 7: 2})"
442,-206.09677419354836,0.30656471848487854,2.1278642053189487,"Counter({0: 39, 3: 4, 1: 2, 2: 1})"
443,-1315.6571428571428,1.1069860458374023,2.2786782787692164,"Counter({0: 74, 7: 24, 2: 22, 3: 20, 1: 15})"
444,-230.35897435897436,0.4891796112060547,2.388047282288714,"Counter({0: 66, 3: 7, 2: 4, 1: 3, 7: 2})"
445,-362.0967741935484,0.46553221344947815,2.2355930653485383,"Counter({0: 37, 3: 10, 7: 3, 2: 3, 1: 2})"
446,-264.28205128205127,0.3157525658607483,2.196200327016413,"Counter({0: 55, 3: 4, 7: 2, 2: 2, 1: 1})"
447,-477.5,0.7157559990882874,2.273825470791307,"Counter({0: 54, 1: 10, 2: 9, 3: 7, 7: 6})"
448,-448.5,0.5874725580215454,2.2304291760743555,"Counter({0: 47, 3: 8, 7: 5, 2: 4, 1: 3})"
449,-353.9428571428572,0.4928513169288635,2.343821293115616,"Counter({0: 45, 3: 6, 1: 3, 7: 3, 2: 3})"
450,-244.28205128205127,0.2759154438972473,2.0831000117155223,"Counter({0: 45, 3: 4, 1: 2, 7: 1})"
451,-273.28205128205127,0.35143765807151794,2.200874697245084,"Counter({0: 52, 3: 8, 1: 2, 7: 2, 2: 1})"
452,-259.09677419354836,0.36203545331954956,2.307204775664271,"Counter({0: 38, 3: 6, 1: 3, 7: 1, 2: 1})"
453,-216.91282051282053,0.3537560701370239,2.161936112812587,"Counter({0: 54, 3: 6, 1: 1, 7: 1, 2: 1})"
454,-179.2820512820513,0.18156875669956207,2.1992108637636356,"Counter({0: 50, 3: 3, 1: 1, 2: 1})"
455,-498.1142857142857,0.5385216474533081,2.0923678716644645,"Counter({0: 47, 7: 6, 1: 5, 3: 5, 2: 1})"
456,-683.5897435897436,0.6810911297798157,2.216669827991841,"Counter({0: 65, 3: 13, 7: 11, 2: 7, 1: 6})"
457,-341.5571428571428,0.6138516068458557,2.239455808912005,"Counter({0: 49, 1: 8, 3: 5, 2: 5, 7: 3})"
458,-1049.3,1.102451205253601,2.2714944540614814,"Counter({0: 63, 3: 25, 2: 21, 7: 18, 1: 15})"
459,-216.32857142857142,0.34429070353507996,2.214022855758667,"Counter({0: 41, 3: 5, 1: 3, 2: 1})"
460,-262.09677419354836,0.2945253551006317,2.2105637711027395,"Counter({0: 37, 3: 4, 1: 3, 7: 1, 2: 1})"
461,-259.09677419354836,0.3740943968296051,2.236836519241333,"Counter({0: 38, 3: 8, 2: 2, 1: 1, 7: 1})"
462,-541.2820512820513,0.4639776349067688,2.1799726255478395,"Counter({0: 46, 7: 7, 3: 4, 2: 3, 1: 2})"
463,-204.5,0.27557095885276794,2.278335392475128,"Counter({0: 45, 3: 4, 1: 2, 2: 1})"
464,-198.5,0.3014970123767853,2.1736474127139687,"Counter({0: 47, 3: 5, 2: 1})"
465,-280.15714285714284,0.522249698638916,2.1818212875953087,"Counter({0: 53, 3: 9, 7: 2, 2: 1})"
466,-179.2820512820513,0.21317267417907715,2.2093841552734377,"Counter({0: 50, 3: 2, 2: 2, 1: 1})"
467,-603.0967741935483,0.6083699464797974,2.238923203614023,"Counter({0: 40, 1: 11, 3: 8, 7: 8, 2: 5})"
468,-204.5,0.2783842980861664,2.1409136607961834,"Counter({0: 45, 3: 4, 2: 2, 1: 2})"
469,-1023.3428571428572,0.8736846446990967,2.222185406870055,"Counter({0: 55, 7: 17, 2: 15, 3: 11, 1: 5})"
470,-258.8548387096774,0.3764525353908539,2.3127770594188144,"Counter({0: 38, 1: 4, 2: 3, 3: 3, 7: 1})"
471,-736.9435897435894,0.8200026154518127,2.2244386104020206,"Counter({0: 47, 1: 12, 7: 11, 3: 11, 2: 7})"
472,-363.174358974359,0.48114123940467834,2.2693813153675624,"Counter({0: 55, 3: 6, 7: 4, 2: 3, 1: 2})"
473,-861.8571428571429,0.8876028060913086,2.2431864510882984,"Counter({0: 59, 7: 14, 2: 13, 3: 13, 1: 11})"
474,-330.5,0.5414448976516724,2.3866795105720633,"Counter({0: 53, 3: 8, 7: 3, 2: 2, 1: 1})"
475,-301.3285714285714,0.4009319245815277,2.0958506376655013,"Counter({0: 46, 1: 3, 3: 3, 7: 2})"
476,-262.09677419354836,0.27987927198410034,2.072952494673107,"Counter({0: 37, 3: 4, 2: 2, 1: 2, 7: 1})"
477,-245.28571428571428,0.3868184983730316,2.222715641322889,"Counter({0: 48, 3: 6, 1: 1, 7: 1, 2: 1})"
478,-826.5142857142857,0.9285270571708679,2.212332792439551,"Counter({0: 54, 3: 16, 2: 13, 7: 13, 1: 10})"
479,-167.2820512820513,0.23878206312656403,2.166141919294993,"Counter({0: 54, 1: 3, 3: 2, 2: 1})"
480,-212.09677419354836,0.2289920151233673,2.2608692729195883,"Counter({0: 37, 3: 4, 1: 2})"
481,-182.2820512820513,0.3540314733982086,2.202492496423554,"Counter({0: 49, 2: 4, 3: 3, 1: 1})"
482,-257.1142857142857,0.35072797536849976,2.219159408257558,"Counter({0: 44, 3: 4, 1: 3, 7: 1})"
483,-362.0967741935484,0.3345002830028534,2.1344496433933577,"Counter({0: 37, 3: 4, 1: 3, 7: 3, 2: 1})"
484,-224.05128205128207,0.4793643355369568,2.2990278090749467,"Counter({0: 85, 3: 8, 2: 5, 1: 4, 7: 3})"
485,-455.28205128205127,0.6395216584205627,2.328017839858698,"Counter({0: 58, 2: 12, 3: 7, 7: 6, 1: 3})"
486,-654.5571428571428,0.9802634716033936,2.251672242085139,"Counter({0: 78, 2: 25, 3: 18, 1: 18, 7: 11})"
487,-559.0967741935483,0.5614220499992371,2.2372653355201084,"Counter({0: 38, 7: 7, 1: 7, 3: 7, 2: 1})"
488,-209.09677419354836,0.24402505159378052,2.2056375200098213,"Counter({0: 38, 3: 5, 2: 1})"
489,-449.2857142857143,0.5333628058433533,2.1428118182553186,"Counter({0: 50, 3: 8, 1: 5, 2: 5, 7: 3, 6: 1})"
490,-212.09677419354836,0.23843985795974731,2.0882772478190335,"Counter({0: 37, 3: 4, 2: 2, 1: 1})"
491,-1272.5142857142857,1.0978785753250122,2.2464350489845053,"Counter({0: 72, 3: 39, 7: 23, 2: 22, 1: 15})"
492,-483.59677419354836,0.581743061542511,2.212995208598472,"Counter({0: 45, 3: 11, 1: 7, 2: 5, 7: 5, 4: 1})"
493,-312.09677419354836,0.3419082760810852,2.257712203629163,"Counter({0: 37, 3: 5, 2: 3, 7: 2, 1: 2})"
494,-650.7589743589743,0.8214752674102783,2.3411018439013547,"Counter({0: 59, 1: 17, 7: 10, 3: 7, 2: 6})"
495,-272.5435897435898,0.2937799096107483,2.062550118414022,"Counter({0: 52, 3: 4, 7: 2, 2: 1})"
496,-179.2820512820513,0.19687315821647644,2.212674525048998,"Counter({0: 50, 3: 3, 1: 1})"
497,-492.72820512820516,0.578752338886261,2.2203749479217962,"Counter({0: 62, 1: 8, 3: 8, 7: 7, 2: 3})"
498,-309.0967741935484,0.3821762502193451,2.17610594133536,"Counter({0: 38, 3: 4, 1: 4, 7: 2})"
499,-612.1571428571428,0.8502946496009827,2.29813282324536,"Counter({0: 59, 3: 14, 2: 10, 7: 9, 1: 9})"
500,-206.09677419354836,0.30452853441238403,2.1828781366348267,"Counter({0: 39, 3: 4, 1: 2, 2: 1})"
501,-284.8666666666667,0.44197049736976624,2.2392237085407065,"Counter({0: 48, 2: 6, 7: 2, 3: 2, 1: 1})"
502,-506.8205128205128,0.612339198589325,2.2550904149207,"Counter({0: 74, 3: 13, 7: 8, 2: 7, 1: 5})"
503,-206.09677419354836,0.3232018053531647,2.10796952374438,"Counter({0: 39, 3: 3, 2: 3, 1: 2})"
504,-294.28205128205127,0.47546640038490295,2.277690041065216,"Counter({0: 45, 3: 7, 2: 4, 1: 2, 7: 2})"
505,-200.9032258064516,0.26703503727912903,2.2736238141854606,"Counter({0: 41, 1: 4, 3: 3})"
506,-259.09677419354836,0.3386966288089752,2.207580847044786,"Counter({0: 38, 1: 4, 2: 3, 3: 2, 7: 1})"
507,-262.09677419354836,0.28195443749427795,2.3592785946700885,"Counter({0: 37, 3: 5, 1: 2, 2: 1, 7: 1})"
508,-248.49999999999997,0.4217624366283417,2.2757773540787776,"Counter({0: 47, 3: 4, 1: 4, 2: 3, 7: 1})"
509,-312.09677419354836,0.38532495498657227,2.2061661224739226,"Counter({0: 37, 3: 8, 1: 4, 7: 2})"
510,-533.5,0.7684674263000488,2.287937177264172,"Counter({0: 52, 3: 13, 1: 10, 2: 10, 7: 7})"
511,-993.3428571428572,0.9402317404747009,2.2263608882060417,"Counter({0: 65, 3: 21, 7: 17, 1: 15, 2: 12})"
512,-622.5,0.7022637724876404,2.195031885715092,"Counter({0: 39, 3: 10, 7: 8, 2: 8, 1: 3})"
513,-200.94285714285712,0.3611035645008087,2.282126839514132,"Counter({0: 46, 3: 4, 1: 3, 2: 1})"
514,-308.90322580645164,0.35611099004745483,2.065007912869356,"Counter({0: 38, 3: 4, 1: 3, 7: 2, 2: 2})"
515,-254.54358974358976,0.4407804608345032,2.3390122911204463,"Counter({0: 58, 3: 5, 1: 3, 7: 2, 2: 1})"
516,-560.0714285714286,0.6354081034660339,2.135808823813855,"Counter({0: 43, 1: 9, 7: 7, 3: 7, 2: 5})"
517,-404.5,0.5110586881637573,2.0921152640902805,"Counter({0: 45, 3: 7, 7: 4, 2: 4, 1: 3})"
518,-226.2820512820513,0.2557142972946167,2.156683126400257,"Counter({0: 51, 2: 2, 1: 2, 3: 2, 7: 1})"
519,-212.09677419354836,0.2778136134147644,2.32082008483798,"Counter({0: 37, 2: 4, 3: 2})"
520,-173.2820512820513,0.22534354031085968,2.3813691222876834,"Counter({0: 52, 3: 3, 2: 1, 1: 1})"
521,-267.2820512820513,0.29842692613601685,2.2710130829964914,"Counter({0: 54, 3: 3, 7: 2, 2: 2, 1: 1})"
522,-178.174358974359,0.3340766131877899,2.338522899363722,"Counter({0: 50, 3: 3, 2: 2, 1: 1})"
523,-262.09677419354836,0.2861746847629547,2.189350998919943,"Counter({0: 37, 3: 5, 1: 2, 2: 1, 7: 1})"
524,-245.49999999999997,0.3286793529987335,2.12027284340425,"Counter({0: 48, 3: 5, 7: 1, 2: 1})"
525,-412.0967741935484,0.47752779722213745,2.0605079189494804,"Counter({0: 37, 2: 5, 7: 4, 1: 4, 3: 4})"
526,-444.34285714285716,0.7974647879600525,2.190496927731997,"Counter({0: 48, 3: 13, 2: 8, 7: 5, 1: 3})"
527,-335.25128205128203,0.6162060499191284,2.370791665438948,"Counter({0: 64, 3: 8, 1: 7, 2: 4, 7: 4})"
528,-193.05128205128207,0.3445829153060913,2.1797069405254565,"Counter({0: 62, 2: 5, 3: 4, 1: 4, 7: 1})"
529,-176.2820512820513,0.21919004619121552,2.1805598522935594,"Counter({0: 51, 2: 2, 3: 2, 1: 1})"
530,-745.2857142857142,0.9393191933631897,2.179792401766536,"Counter({0: 48, 2: 17, 3: 14, 7: 11, 1: 9})"
531,-256.09677419354836,0.3304072320461273,2.199804080029329,"Counter({0: 39, 3: 4, 1: 2, 2: 2, 7: 1})"
532,-235.28205128205127,0.32533028721809387,2.1901705573002497,"Counter({0: 48, 3: 7, 1: 2, 2: 2, 7: 1})"
533,-834.3428571428572,0.9779806137084961,2.179261453449726,"Counter({0: 68, 3: 18, 2: 15, 7: 14, 1: 13})"
534,-563.2820512820513,0.5779542922973633,2.2900557832284405,"Counter({0: 72, 3: 15, 1: 12, 7: 9, 2: 2})"
535,-329.28205128205127,0.3707420825958252,2.1759376423433423,"Counter({0: 50, 3: 6, 7: 3, 1: 3, 2: 2})"
536,-356.91282051282053,0.46669721603393555,2.1310875373227254,"Counter({0: 74, 3: 11, 7: 5, 1: 5, 2: 3})"
537,-498.5,0.5249314308166504,2.0381121147762644,"Counter({0: 47, 3: 8, 7: 6, 2: 4, 1: 1})"
538,-473.0974358974359,0.6161689758300781,2.340569907426834,"Counter({0: 52, 3: 9, 1: 7, 2: 6, 7: 6})"
539,-435.0967741935484,0.5546234846115112,2.1949696116251487,"Counter({0: 46, 3: 9, 1: 9, 7: 5, 2: 4})"
540,-502.87142857142857,0.6671317219734192,2.2002746245345555,"Counter({0: 47, 3: 11, 1: 6, 7: 5, 2: 4, 4: 1})"
541,-207.5,0.33481156826019287,2.0751799719006407,"Counter({0: 44, 3: 4, 2: 3})"
542,-512.0967741935483,0.6210885047912598,2.361147905463603,"Counter({0: 37, 3: 13, 1: 6, 7: 6, 2: 5})"
543,-212.09677419354836,0.23643337190151215,2.136053066362034,"Counter({0: 37, 3: 4, 1: 2, 2: 1})"
544,-222.91282051282053,0.3470553159713745,2.375156644980113,"Counter({0: 52, 3: 4, 1: 2, 2: 1, 7: 1})"
545,-167.2820512820513,0.1882399022579193,2.2313053299983343,"Counter({0: 54, 3: 4, 2: 1, 1: 1})"
546,-352.91282051282053,0.43068626523017883,2.2920803257397244,"Counter({0: 42, 3: 5, 2: 4, 7: 3, 1: 2})"
547,-259.09677419354836,0.29325801134109497,2.060334539931753,"Counter({0: 38, 3: 4, 1: 2, 7: 1, 2: 1})"
548,-318.15714285714284,0.6358045935630798,2.266262477868563,"Counter({0: 57, 3: 9, 1: 4, 2: 4, 7: 3})"
549,-635.5571428571428,0.83073490858078,2.184905940423841,"Counter({0: 51, 3: 14, 2: 13, 7: 9, 1: 5})"
550,-276.28205128205127,0.39396169781684875,2.20172954182471,"Counter({0: 51, 3: 5, 1: 4, 7: 2})"
551,-212.09677419354836,0.26350516080856323,2.2389274570677014,"Counter({0: 37, 1: 4, 2: 2, 3: 2})"
552,-480.3285714285714,0.7745880484580994,2.202799996831915,"Counter({0: 53, 3: 15, 2: 12, 7: 6, 1: 5})"
553,-245.54358974358973,0.31960228085517883,2.310229136519236,"Counter({0: 61, 3: 6, 2: 2, 1: 2, 7: 2})"
554,-176.2820512820513,0.22324387729167938,2.1964900031171997,"Counter({0: 51, 2: 3, 3: 3, 1: 1})"
555,-173.2820512820513,0.18961164355278015,2.057106259678091,"Counter({0: 52, 3: 4})"
556,-182.64285714285714,0.4284449815750122,2.158561352823601,"Counter({0: 52, 3: 5, 1: 2, 2: 2})"
557,-965.5,0.8769143223762512,2.2017355205815865,"Counter({0: 58, 7: 16, 3: 15, 2: 11, 1: 9})"
558,-262.09677419354836,0.2543111741542816,2.3120614475674097,"Counter({0: 37, 3: 6, 7: 1, 2: 1})"
559,-259.09677419354836,0.36021286249160767,2.252177836894989,"Counter({0: 38, 3: 10, 1: 1, 7: 1})"
560,-1084.857142857143,1.0163930654525757,2.1853770253558955,"Counter({0: 68, 3: 26, 7: 19, 2: 16, 1: 15})"
561,-348.5,0.5141955614089966,2.04159695841372,"Counter({0: 47, 3: 12, 7: 3, 1: 1, 2: 1})"
562,-170.2820512820513,0.18890652060508728,2.176659064777827,"Counter({0: 53, 3: 3, 2: 2, 1: 1})"
563,-251.49999999999997,0.4571220576763153,2.2841624183169866,"Counter({0: 46, 3: 5, 1: 5, 2: 2, 7: 1})"
564,-176.05128205128207,0.24736301600933075,2.406733274459839,"Counter({0: 51, 1: 3, 2: 1, 3: 1})"
565,-399.85483870967744,0.4977511763572693,2.1614817274468288,"Counter({0: 41, 2: 5, 7: 4, 3: 4, 1: 2})"
566,-498.5,0.5852448344230652,2.2317426364813278,"Counter({0: 47, 1: 7, 7: 6, 3: 4, 2: 3})"
567,-212.09677419354836,0.27099066972732544,2.169762871000502,"Counter({0: 37, 2: 3, 3: 3, 1: 2})"
568,-212.09677419354836,0.24140673875808716,2.2617380917072296,"Counter({0: 37, 3: 4, 1: 2, 2: 1})"
569,-206.09677419354836,0.31629514694213867,2.268976480402845,"Counter({0: 39, 1: 5, 3: 2, 2: 1})"
570,-433.15714285714284,0.6719058156013489,2.18078514169424,"Counter({0: 52, 3: 11, 1: 6, 7: 5, 2: 4})"
571,-204.5,0.3400088846683502,2.059229839931835,"Counter({0: 45, 2: 4, 1: 3, 3: 3})"
572,-229.2820512820513,0.21153779327869415,2.113199413868419,"Counter({0: 50, 3: 5, 2: 1, 7: 1})"
573,-212.09677419354836,0.2409646362066269,2.148196106607264,"Counter({0: 37, 3: 4, 2: 2, 1: 1})"
574,-201.32857142857142,0.28057292103767395,2.180206298828125,"Counter({0: 46, 3: 4, 1: 2})"
575,-313.17435897435894,0.5089106559753418,2.3201603174209593,"Counter({0: 55, 3: 7, 1: 5, 7: 3})"
576,-767.3655913978495,0.7988584637641907,2.2356476461992854,"Counter({0: 52, 3: 23, 1: 17, 7: 12, 2: 9})"
577,-348.5,0.4896926283836365,2.088916527107358,"Counter({0: 47, 1: 5, 2: 5, 3: 4, 7: 3})"
578,-379.28205128205127,0.44423699378967285,2.149262224926668,"Counter({0: 50, 3: 7, 1: 4, 7: 4, 2: 3})"
579,-256.09677419354836,0.3895100951194763,2.2671478311970548,"Counter({0: 39, 3: 6, 2: 5, 1: 2, 7: 1})"
580,-362.0967741935484,0.448318749666214,2.1568179054693744,"Counter({0: 37, 3: 7, 2: 5, 7: 3, 1: 3})"
581,-198.5,0.29190847277641296,2.2250639644536103,"Counter({0: 47, 3: 4, 1: 2, 2: 2})"
582,-504.8666666666667,0.5431829690933228,2.1734350845217705,"Counter({0: 58, 3: 7, 7: 7, 1: 4, 2: 4})"
583,-212.09677419354836,0.2635302245616913,2.1290431835434656,"Counter({0: 37, 1: 4, 3: 2, 2: 1})"
584,-175.91282051282053,0.19119539856910706,2.163317420265891,"Counter({0: 51, 3: 3, 2: 1})"
585,-187.2820512820513,0.26892927289009094,2.1128130340576172,"Counter({0: 64, 3: 7, 1: 2, 7: 1, 2: 1})"
586,-212.09677419354836,0.22356343269348145,2.199653655983681,"Counter({0: 37, 3: 4, 2: 2})"
587,-212.09677419354836,0.2348892092704773,2.040605345437693,"Counter({0: 37, 1: 3, 3: 3})"
588,-239.49999999999997,0.31010788679122925,2.279183441400528,"Counter({0: 50, 2: 4, 3: 4, 7: 1, 1: 1})"
589,-179.2820512820513,0.1561499834060669,2.2472432498578674,"Counter({0: 50, 3: 3, 1: 1})"
590,-728.1714285714286,0.9151505827903748,2.2171721329060636,"Counter({0: 70, 3: 20, 2: 15, 1: 12, 7: 12})"
591,-323.28205128205127,0.4002734124660492,2.31049160803518,"Counter({0: 52, 3: 4, 7: 3, 2: 3})"
592,-312.09677419354836,0.3657166361808777,2.2579496661011054,"Counter({0: 37, 3: 5, 1: 5, 7: 2})"
593,-279.28205128205127,0.23111185431480408,2.228802197745868,"Counter({0: 50, 3: 3, 7: 2, 1: 1})"
594,-191.2820512820513,0.23728495836257935,2.287204018005958,"Counter({0: 46, 3: 3, 1: 2, 2: 1})"
595,-214.2820512820513,0.2585579752922058,2.2447974066580496,"Counter({0: 55, 1: 3, 3: 3, 7: 1})"
596,-412.0967741935484,0.4582865238189697,2.2506445231182233,"Counter({0: 37, 3: 10, 7: 4, 1: 3, 2: 2})"
597,-323.28205128205127,0.42893943190574646,2.1459429878741503,"Counter({0: 52, 1: 5, 3: 4, 7: 3})"
598,-372.28205128205127,0.5273396968841553,2.2136991165017568,"Counter({0: 69, 3: 9, 1: 7, 7: 5, 2: 3})"
599,-299.28205128205127,0.3760070204734802,2.2925252906481424,"Counter({0: 60, 3: 7, 1: 4, 7: 3, 2: 1})"
600,-651.2857142857142,0.8386912941932678,2.2578940628677286,"Counter({0: 46, 3: 16, 1: 13, 7: 9, 2: 9})"
